authority,library,reason,number_of_bills,total_billed
Bath and North East Somerset,BNACQ,HOLD,1,1
Bath and North East Somerset,BNACQ,OVERDUE,2,2.6
Bath and North East Somerset,BNBL,BFR,12,37.79
Bath and North East Somerset,BNBL,CHARGE,7848,14088.0
Bath and North East Somerset,BNBL,DAMAGE,19,118.59
Bath and North East Somerset,BNBL,GROUP,27,271
Bath and North East Somerset,BNBL,HOLD,177,1323.5
Bath and North East Somerset,BNBL,ILL,4,23
Bath and North East Somerset,BNBL,LOST,135,919.66
Bath and North East Somerset,BNBL,LOSTCARD,105,194
Bath and North East Somerset,BNBL,OVERDUE,25949,28808.35
Bath and North East Somerset,BNBL,PROCESSFEE,106,194.49
Bath and North East Somerset,BNBL,SALENOVAT,38,278.40
Bath and North East Somerset,BNBL,SALEVAT,131,1665.75
Bath and North East Somerset,BNKY,BFR,297,287.65
Bath and North East Somerset,BNKY,CHARGE,1719,3274.0
Bath and North East Somerset,BNKY,DAMAGE,3,14.39
Bath and North East Somerset,BNKY,HOLD,15,72.5
Bath and North East Somerset,BNKY,ILL,4,32
Bath and North East Somerset,BNKY,LOST,51,256.54
Bath and North East Somerset,BNKY,LOSTCARD,43,84
Bath and North East Somerset,BNKY,OVERDUE,6677,6131.40
Bath and North East Somerset,BNKY,PROCESSFEE,44,35.0
Bath and North East Somerset,BNKY,SALENOVAT,306,513.55
Bath and North East Somerset,BNKY,SALEVAT,1181,1005.78
Bath and North East Somerset,BNMN,BFR,2,2.6
Bath and North East Somerset,BNMN,CHARGE,1227,2310.4
Bath and North East Somerset,BNMN,DAMAGE,2,7.5
Bath and North East Somerset,BNMN,HOLD,76,175.0
Bath and North East Somerset,BNMN,LOST,29,68.06
Bath and North East Somerset,BNMN,LOSTCARD,27,40.5
Bath and North East Somerset,BNMN,OVERDUE,4733,3592.45
Bath and North East Somerset,BNMN,PROCESSFEE,25,42.5
Bath and North East Somerset,BNMN,SALENOVAT,15,48.0
Bath and North East Somerset,BNMN,SALEVAT,31,136.64
Bath and North East Somerset,BNMOB,CHARGE,645,1264.0
Bath and North East Somerset,BNMOB,DAMAGE,2,9.49
Bath and North East Somerset,BNMOB,LOST,4,18.98
Bath and North East Somerset,BNMOB,LOSTCARD,2,4
Bath and North East Somerset,BNMOB,PROCESSFEE,4,7.5
Bath and North East Somerset,BNMOO,CHARGE,485,935.2
Bath and North East Somerset,BNMOO,HOLD,3,75
Bath and North East Somerset,BNMOO,LOST,12,70.95
Bath and North East Somerset,BNMOO,LOSTCARD,3,6
Bath and North East Somerset,BNMOO,OVERDUE,2174,1551.25
Bath and North East Somerset,BNMOO,PROCESSFEE,12,27.5
Bath and North East Somerset,BNPAU,CHARGE,225,417.0
Bath and North East Somerset,BNPAU,GROUP,5,3.8
Bath and North East Somerset,BNPAU,HOLD,4,20
Bath and North East Somerset,BNPAU,LOST,4,17.49
Bath and North East Somerset,BNPAU,LOSTCARD,1,2
Bath and North East Somerset,BNPAU,OVERDUE,840,925.40
Bath and North East Somerset,BNPAU,PROCESSFEE,2,5.0
Bath and North East Somerset,BNPAU,SALENOVAT,18,73.4
Bath and North East Somerset,BNPAU,SALEVAT,59,183.77
Bath and North East Somerset,BNRAD,CHARGE,375,634.6
Bath and North East Somerset,BNRAD,DAMAGE,2,8.49
Bath and North East Somerset,BNRAD,HOLD,2,50
Bath and North East Somerset,BNRAD,LOST,8,28.47
Bath and North East Somerset,BNRAD,LOSTCARD,5,9
Bath and North East Somerset,BNRAD,OVERDUE,1488,891.60
Bath and North East Somerset,BNRAD,PROCESSFEE,7,15.0
Bath and North East Somerset,BNRAD,SALENOVAT,22,15.95
Bath and North East Somerset,BNRAD,SALEVAT,13,4.72
Bath and North East Somerset,BNSAL,CHARGE,98,179.4
Bath and North East Somerset,BNSAL,HOLD,16,124.5
Bath and North East Somerset,BNSAL,LOST,1,10
Bath and North East Somerset,BNSAL,LOSTCARD,1,2
Bath and North East Somerset,BNSAL,OVERDUE,532,242.55
Bath and North East Somerset,BNSAL,PROCESSFEE,1,2.5
Bath and North East Somerset,BNSAL,SALENOVAT,1,0.6
Bath and North East Somerset,BNSAL,SALEVAT,11,10.59
Bath and North East Somerset,BNWES,CHARGE,341,641.8
Bath and North East Somerset,BNWES,HOLD,2,1.5
Bath and North East Somerset,BNWES,LOST,5,32.98
Bath and North East Somerset,BNWES,LOSTCARD,1,2
Bath and North East Somerset,BNWES,OVERDUE,1231,711.85
Bath and North East Somerset,BNWES,PROCESSFEE,5,10.0
Bath and North East Somerset,BNWES,SALEVAT,1,0.5
Bristol,BSAL,BFR,7,48.32
Bristol,BSAL,CHARGE,15876,17282.8
Bristol,BSAL,DAMAGE,17,116.96
Bristol,BSAL,GROUP,1,18
Bristol,BSAL,HOLD,47,226.5
Bristol,BSAL,ILL,2,15
Bristol,BSAL,LOST,5495,37979.59
Bristol,BSAL,LOSTCARD,2,4
Bristol,BSAL,OVERDUE,34116,36782.85
Bristol,BSAL,PROCESSFEE,81,10
Bristol,BSAL,REFERRAL,592,3050
Bristol,BSAL,SALENOVAT,38,72.70
Bristol,BSAL,SALEVAT,30,129.34
Bristol,BSAM,CHARGE,19,28.9
Bristol,BSAM,LOST,133,642
Bristol,BSAM,OVERDUE,234,200.70
Bristol,BSBE,BFR,1,5.21
Bristol,BSBE,CHARGE,3244,3889.5
Bristol,BSBE,DAMAGE,4,41.99
Bristol,BSBE,HOLD,6,30
Bristol,BSBE,LOST,2204,10812.96
Bristol,BSBE,OVERDUE,6347,5763.40
Bristol,BSBE,PROCESSFEE,27,0
Bristol,BSBE,SALENOVAT,2,13.1
Bristol,BSBE,SALEVAT,2,4.16
Bristol,BSBI,BFR,2,5.7
Bristol,BSBI,CHARGE,494,662.2
Bristol,BSBI,LOST,714,3688.0
Bristol,BSBI,OVERDUE,1185,1082.10
Bristol,BSBI,PROCESSFEE,3,0
Bristol,BSBM,LOST,15,214.99
Bristol,BSBT,CHARGE,110,183.6
Bristol,BSBT,HOLD,6,30
Bristol,BSBT,LOST,130,592
Bristol,BSBT,OVERDUE,789,555.15
Bristol,BSBT,PROCESSFEE,1,0
Bristol,BSCH,CHARGE,212,310.7
Bristol,BSCH,DAMAGE,1,4
Bristol,BSCH,LOST,848,4067.95
Bristol,BSCH,OVERDUE,1207,1453.95
Bristol,BSCH,PROCESSFEE,8,0
Bristol,BSCT,CHARGE,981,1174.2
Bristol,BSCT,DAMAGE,1,7
Bristol,BSCT,HOLD,7,35
Bristol,BSCT,LOST,530,2823
Bristol,BSCT,LOSTCARD,1,2
Bristol,BSCT,OVERDUE,1724,1704.10
Bristol,BSCT,PROCESSFEE,6,0
Bristol,BSCT,SALEVAT,2,2.0
Bristol,BSEA,LOST,113,571
Bristol,BSEA,OVERDUE,34,62.70
Bristol,BSEA,PROCESSFEE,85,0
Bristol,BSFP,BFR,1,7
Bristol,BSFP,CHARGE,1705,2157.7
Bristol,BSFP,DAMAGE,11,68
Bristol,BSFP,HOLD,5,25
Bristol,BSFP,LOST,1697,8475.27
Bristol,BSFP,LOSTCARD,1,2
Bristol,BSFP,OVERDUE,3442,3761.90
Bristol,BSFP,PROCESSFEE,8,0
Bristol,BSFP,SALEVAT,1,0.42
Bristol,BSFW,CHARGE,59,110.0
Bristol,BSFW,LOST,548,2645.41
Bristol,BSFW,OVERDUE,405,384.90
Bristol,BSFW,PROCESSFEE,1,0
Bristol,BSFW,SALEVAT,2,1.0
Bristol,BSHC,CHARGE,160,198.1
Bristol,BSHC,HOLD,1,5
Bristol,BSHC,LOST,321,1682.39
Bristol,BSHC,OVERDUE,594,776.10
Bristol,BSHC,PROCESSFEE,1,0
Bristol,BSHL,CHARGE,55,62.2
Bristol,BSHL,DAMAGE,1,7.99
Bristol,BSHL,LOST,193,989
Bristol,BSHL,OVERDUE,177,135.15
Bristol,BSHL,PROCESSFEE,1,0
Bristol,BSHL,SALEVAT,1,0.17
Bristol,BSHO,BFR,1,0.1
Bristol,BSHO,CHARGE,698,810.2
Bristol,BSHO,HOLD,1,5
Bristol,BSHO,LOST,879,4582
Bristol,BSHO,OVERDUE,1718,1333.05
Bristol,BSHO,PROCESSFEE,1,0
Bristol,BSHO,SALEVAT,5,2.08
Bristol,BSHY,BFR,1,0.1
Bristol,BSHY,CHARGE,730,993.8
Bristol,BSHY,HOLD,3,6.5
Bristol,BSHY,LOST,760,4747.34
Bristol,BSHY,OVERDUE,1588,1428.60
Bristol,BSHY,PROCESSFEE,5,0
Bristol,BSHZ,BFR,1,1
Bristol,BSHZ,CHARGE,6472,8308.4
Bristol,BSHZ,DAMAGE,6,62
Bristol,BSHZ,HOLD,10,40.6
Bristol,BSHZ,LOST,3336,15885.36
Bristol,BSHZ,LOSTCARD,1,11
Bristol,BSHZ,OVERDUE,9639,9497.40
Bristol,BSHZ,PROCESSFEE,34,0
Bristol,BSJ3,CHARGE,780,966.5
Bristol,BSJ3,DAMAGE,5,20
Bristol,BSJ3,HOLD,3,15
Bristol,BSJ3,ILL,1,5
Bristol,BSJ3,LOST,2501,12004.92
Bristol,BSJ3,LOSTCARD,1,2
Bristol,BSJ3,OVERDUE,3361,4002.00
Bristol,BSJ3,PRIVILEGE,1,1
Bristol,BSJ3,PROCESSFEE,52,0
Bristol,BSKN,CHARGE,1559,1921.3
Bristol,BSKN,HOLD,5,11.5
Bristol,BSKN,LOST,1302,6174.98
Bristol,BSKN,OVERDUE,2966,2942.50
Bristol,BSKN,PROCESSFEE,8,0
Bristol,BSKN,SALENOVAT,1,1.4
Bristol,BSKN,SALEVAT,2,1.67
Bristol,BSLW,LOST,15,60
Bristol,BSLW,OVERDUE,48,49.50
Bristol,BSLZ,CHARGE,20,23.9
Bristol,BSLZ,LOST,148,677.5
Bristol,BSLZ,OVERDUE,173,184.95
Bristol,BSLZ,PROCESSFEE,1,0
Bristol,BSMA,BFR,1,0.2
Bristol,BSMA,CHARGE,132,177.4
Bristol,BSMA,LOST,295,1386
Bristol,BSMA,OVERDUE,398,383.55
Bristol,BSMA,PROCESSFEE,3,0
Bristol,BSRE,CHARGE,3793,4415.6
Bristol,BSRE,DAMAGE,3,24
Bristol,BSRE,HOLD,5,25
Bristol,BSRE,LOST,790,5730.49
Bristol,BSRE,LOSTCARD,1,2
Bristol,BSRE,OVERDUE,4414,3974.40
Bristol,BSRE,PROCESSFEE,17,0
Bristol,BSRE,SALEVAT,2,0.84
Bristol,BSSE,CHARGE,441,532.8
Bristol,BSSE,HOLD,1,1
Bristol,BSSE,LOST,653,3461.98
Bristol,BSSE,OVERDUE,1302,1181.55
Bristol,BSSE,PROCESSFEE,3,0
Bristol,BSSE,SALEVAT,3,2.00
Bristol,BSSG,CHARGE,1009,1229.8
Bristol,BSSG,DAMAGE,6,62.99
Bristol,BSSG,HOLD,1,5
Bristol,BSSG,LOST,1353,6800.22
Bristol,BSSG,OVERDUE,2897,3372.90
Bristol,BSSG,PROCESSFEE,13,0
Bristol,BSSG,SALENOVAT,1,0.2
Bristol,BSSG,SALEVAT,1,0.42
Bristol,BSSO,CHARGE,152,177.2
Bristol,BSSO,DAMAGE,1,4
Bristol,BSSO,HOLD,2,10
Bristol,BSSO,LOST,652,3213
Bristol,BSSO,OVERDUE,959,942.90
Bristol,BSSO,PRIVILEGE,2,0
Bristol,BSSO,PROCESSFEE,4,0
Bristol,BSSO,SALEVAT,1,1.08
Bristol,BSSP,CHARGE,149,153.6
Bristol,BSSP,DAMAGE,1,4
Bristol,BSSP,HOLD,4,2.0
Bristol,BSSP,LOST,477,2392
Bristol,BSSP,OVERDUE,457,611.70
Bristol,BSSP,PROCESSFEE,4,0
Bristol,BSSR,CHARGE,120,179.3
Bristol,BSSR,DAMAGE,3,12
Bristol,BSSR,LOST,351,1511
Bristol,BSSR,OVERDUE,650,602.70
Bristol,BSSR,PROCESSFEE,2,0
Bristol,BSSR,SALEVAT,1,0.08
Bristol,BSSW,CHARGE,539,722.2
Bristol,BSSW,DAMAGE,1,5
Bristol,BSSW,LOST,492,2406.98
Bristol,BSSW,OVERDUE,1332,1367.10
Bristol,BSSW,SALENOVAT,2,4.1
Bristol,BSWH,CHARGE,129,231.8
Bristol,BSWH,HOLD,1,5
Bristol,BSWH,LOST,436,2330.98
Bristol,BSWH,OVERDUE,1529,1596.30
Bristol,BSWH,PRIVILEGE,1,1.9
Bristol,BSWH,SALENOVAT,3,7.8
Bristol,BSWK,CHARGE,1420,1674.4
Bristol,BSWK,DAMAGE,1,4
Bristol,BSWK,HOLD,2,5.5
Bristol,BSWK,LOST,1049,4764.52
Bristol,BSWK,OVERDUE,2145,1845.00
Bristol,BSWK,PROCESSFEE,4,0
Bristol,BSWK,SALENOVAT,1,0.2
Bristol,BSWK,SALEVAT,1,0.42
Bristol,BSWY,CHARGE,1595,1987.8
Bristol,BSWY,DAMAGE,6,39.97
Bristol,BSWY,LOST,1133,5228.25
Bristol,BSWY,OVERDUE,3135,2941.80
Bristol,BSWY,PROCESSFEE,9,0
Bristol,BSWY,SALENOVAT,1,0.3
Bristol,BSWY,SALEVAT,3,2.42
Dorset,DOACQ,CHARGE,10,13.2
Dorset,DOACQ,HOLD,1,1
Dorset,DOACQ,ILL,11,76
Dorset,DOACQ,LOST,3,18
Dorset,DOACQ,OVERDUE,3,2.10
Dorset,DOACQ,PRIVILEGE,1,7.8
Dorset,DOBEAM,CHARGE,106,233.9
Dorset,DOBEAM,LOST,51,240
Dorset,DOBEAM,LOSTCARD,3,6
Dorset,DOBEAM,OVERDUE,419,389.4
Dorset,DOBEAM,PRIVILEGE,1,2.4
Dorset,DOBEAM,PROCESSFEE,3,0
Dorset,DOBEAM,SALENOVAT,1,1
Dorset,DOBLAN,CHARGE,1463,3558.4
Dorset,DOBLAN,DAMAGE,1,6.99
Dorset,DOBLAN,LOST,961,4727.97
Dorset,DOBLAN,OVERDUE,2142,2783.1
Dorset,DOBLAN,PROCESSFEE,15,0
Dorset,DOBLAN,SALENOVAT,1,3
Dorset,DOBRID,BFR,1,5
Dorset,DOBRID,CHARGE,1782,4298.2
Dorset,DOBRID,DAMAGE,2,11.98
Dorset,DOBRID,HOLD,42,44
Dorset,DOBRID,LOST,755,3762.97
Dorset,DOBRID,LOSTCARD,3,6
Dorset,DOBRID,OVERDUE,2966,3587.9
Dorset,DOBRID,PRIVILEGE,2,5.0
Dorset,DOBRID,PROCESSFEE,14,0
Dorset,DOBRID,SALENOVAT,2,0.6
Dorset,DOBRID,SALEVAT,1,1.67
Dorset,DOBURT,CHARGE,8,17.5
Dorset,DOBURT,LOST,20,101
Dorset,DOBURT,LOSTCARD,1,2
Dorset,DOBURT,OVERDUE,181,209.6
Dorset,DOBURT,PROCESSFEE,1,0
Dorset,DOCHAR,CHARGE,26,59.7
Dorset,DOCHAR,LOST,60,267
Dorset,DOCHAR,OVERDUE,206,324.0
Dorset,DOCHIC,CHARGE,13,16.1
Dorset,DOCHIC,LOST,66,270
Dorset,DOCHIC,LOSTCARD,4,8
Dorset,DOCHIC,OVERDUE,148,177.4
Dorset,DOCHRI,CHARGE,3196,7598.2
Dorset,DOCHRI,DAMAGE,2,11.99
Dorset,DOCHRI,HOLD,8,9.5
Dorset,DOCHRI,LOST,1595,7806.81
Dorset,DOCHRI,LOSTCARD,18,34.6
Dorset,DOCHRI,OVERDUE,5245,7106.3
Dorset,DOCHRI,PRIVILEGE,6,11.8
Dorset,DOCHRI,PROCESSFEE,27,0
Dorset,DOCMUL,BFR,2,5.3
Dorset,DOCMUL,CHARGE,441,1095.6
Dorset,DOCMUL,HOLD,4,4
Dorset,DOCMUL,LOST,395,1905
Dorset,DOCMUL,LOSTCARD,1,2
Dorset,DOCMUL,OVERDUE,825,1033.8
Dorset,DOCMUL,PROCESSFEE,14,0
Dorset,DOCOLE,CHARGE,22,50.2
Dorset,DOCOLE,LOST,189,876
Dorset,DOCOLE,LOSTCARD,3,6
Dorset,DOCOLE,OVERDUE,597,715.0
Dorset,DOCOLE,PRIVILEGE,1,0.3
Dorset,DOCORF,CHARGE,11,19.5
Dorset,DOCORF,HOLD,1,0.5
Dorset,DOCORF,LOST,18,78
Dorset,DOCORF,OVERDUE,143,81.2
Dorset,DOCORF,PRIVILEGE,1,0.3
Dorset,DOCROS,CHARGE,67,146.5
Dorset,DOCROS,GROUP,1,0.2
Dorset,DOCROS,LOST,117,550
Dorset,DOCROS,LOSTCARD,1,2
Dorset,DOCROS,OVERDUE,321,376.6
Dorset,DOCROS,PROCESSFEE,2,0
Dorset,DOCROS,SALENOVAT,1,1.3
Dorset,DOCROS,SALEVAT,1,0.08
Dorset,DODORC,BFR,1,7
Dorset,DODORC,CHARGE,4296,10071.1
Dorset,DODORC,DAMAGE,1,4
Dorset,DODORC,HOLD,26,25.5
Dorset,DODORC,ILL,1,6
Dorset,DODORC,LOST,1840,10454.75
Dorset,DODORC,LOSTCARD,43,84.2
Dorset,DODORC,OVERDUE,5343,7977.5
Dorset,DODORC,PRIVILEGE,14,33.9
Dorset,DODORC,PROCESSFEE,44,0
Dorset,DODORMOB,LOST,130,863.99
Dorset,DODORMOB,OVERDUE,47,115.0
Dorset,DODORMOB,PROCESSFEE,1,0
Dorset,DOFERN,BFR,2,2.5
Dorset,DOFERN,CHARGE,1582,3918.7
Dorset,DOFERN,DAMAGE,4,26.96
Dorset,DOFERN,HOLD,14,16
Dorset,DOFERN,LOST,345,1710.94
Dorset,DOFERN,LOSTCARD,11,22
Dorset,DOFERN,OVERDUE,3274,4021.8
Dorset,DOFERN,PRIVILEGE,1,2
Dorset,DOFERN,PROCESSFEE,10,7
Dorset,DOGILL,CHARGE,1409,3406.4
Dorset,DOGILL,DAMAGE,2,15.99
Dorset,DOGILL,HOLD,17,17
Dorset,DOGILL,LOST,593,2812
Dorset,DOGILL,OVERDUE,1981,2649.5
Dorset,DOGILL,PRIVILEGE,1,2.5
Dorset,DOGILL,PROCESSFEE,15,0
Dorset,DOGILL,SALENOVAT,1,2.5
Dorset,DOHIGH,CHARGE,646,1487.8
Dorset,DOHIGH,HOLD,12,12
Dorset,DOHIGH,LOST,299,1344
Dorset,DOHIGH,LOSTCARD,4,8
Dorset,DOHIGH,OVERDUE,1308,1308.6
Dorset,DOHIGH,PRIVILEGE,10,10.42
Dorset,DOHIGH,PROCESSFEE,10,0
Dorset,DOHIGH,SALENOVAT,1,0.2
Dorset,DOHIGH,SALEVAT,3,0.42
Dorset,DOHLSMOB,LOST,4,31
Dorset,DOHLSMOB,PROCESSFEE,4,0
Dorset,DOHQ,CHARGE,39,198.0
Dorset,DOHQ,HOLD,7,7
Dorset,DOHQ,ILL,171,1032
Dorset,DOHQ,LOST,55,447.95
Dorset,DOHQ,OVERDUE,145,433.8
Dorset,DOHQ,PRIVILEGE,8,53.0
Dorset,DOHQ,PROCESSFEE,1,0
Dorset,DOLITT,CHARGE,271,481.1
Dorset,DOLITT,DAMAGE,1,7.99
Dorset,DOLITT,LOST,232,1076.98
Dorset,DOLITT,LOSTCARD,5,10
Dorset,DOLITT,OVERDUE,807,856.7
Dorset,DOLITT,PRIVILEGE,1,21
Dorset,DOLYME,CHARGE,218,515.6
Dorset,DOLYME,HOLD,32,32
Dorset,DOLYME,LOST,124,583
Dorset,DOLYME,OVERDUE,438,407.8
Dorset,DOLYME,PRIVILEGE,3,9.8
Dorset,DOLYME,PROCESSFEE,5,0
Dorset,DOLYME,SALENOVAT,1,0.5
Dorset,DOLYTC,CHARGE,751,1930.9
Dorset,DOLYTC,DAMAGE,2,24.98
Dorset,DOLYTC,HOLD,1,1
Dorset,DOLYTC,LOST,253,1191.99
Dorset,DOLYTC,LOSTCARD,8,16
Dorset,DOLYTC,OVERDUE,838,840.2
Dorset,DOLYTC,PROCESSFEE,7,0
Dorset,DOPORT,CHARGE,160,363.5
Dorset,DOPORT,LOST,174,845.99
Dorset,DOPORT,OVERDUE,616,643.9
Dorset,DOPORT,PRIVILEGE,1,1.2
Dorset,DOPORT,PROCESSFEE,1,0
Dorset,DOPUDD,CHARGE,5,12.5
Dorset,DOPUDD,LOST,92,375.97
Dorset,DOPUDD,LOSTCARD,1,2
Dorset,DOPUDD,OVERDUE,116,95.2
Dorset,DOPUDD,PROCESSFEE,2,0
Dorset,DORESMOB,CHARGE,5,7.6
Dorset,DORESMOB,HOLD,1,1
Dorset,DORESMOB,LOST,29,156
Dorset,DORESMOB,OVERDUE,34,63.05
Dorset,DORESMOB,PROCESSFEE,1,0
Dorset,DOSHAF,CHARGE,818,1977.0
Dorset,DOSHAF,DAMAGE,1,7
Dorset,DOSHAF,HOLD,5,5
Dorset,DOSHAF,ILL,3,22
Dorset,DOSHAF,LOST,521,2409
Dorset,DOSHAF,LOSTCARD,7,14
Dorset,DOSHAF,OVERDUE,1225,1601.6
Dorset,DOSHAF,PRIVILEGE,10,10.95
Dorset,DOSHAF,PROCESSFEE,12,0
Dorset,DOSHAF,SALENOVAT,3,1.7
Dorset,DOSHER,BFR,3,3.1
Dorset,DOSHER,CHARGE,1858,3989.2
Dorset,DOSHER,DAMAGE,7,42.99
Dorset,DOSHER,ILL,1,6
Dorset,DOSHER,LOST,388,1838.98
Dorset,DOSHER,LOSTCARD,33,66
Dorset,DOSHER,OVERDUE,2156,2154.2
Dorset,DOSHER,PRIVILEGE,1,0.4
Dorset,DOSHER,PROCESSFEE,10,0
Dorset,DOSTALL,CHARGE,215,331.7
Dorset,DOSTALL,DAMAGE,3,18
Dorset,DOSTALL,LOST,131,533
Dorset,DOSTALL,LOSTCARD,7,14
Dorset,DOSTALL,OVERDUE,264,222.2
Dorset,DOSTUMOB,DAMAGE,1,8.99
Dorset,DOSTUMOB,LOST,104,695.99
Dorset,DOSTUMOB,PROCESSFEE,2,0
Dorset,DOSTUR,CHARGE,338,790.5
Dorset,DOSTUR,HOLD,40,40
Dorset,DOSTUR,ILL,1,6
Dorset,DOSTUR,LOST,337,1571.99
Dorset,DOSTUR,LOSTCARD,6,12
Dorset,DOSTUR,OVERDUE,944,971.7
Dorset,DOSTUR,PRIVILEGE,1,0.7
Dorset,DOSTUR,PROCESSFEE,4,0
Dorset,DOSWAN,CHARGE,830,2003.7
Dorset,DOSWAN,DAMAGE,1,7.99
Dorset,DOSWAN,ILL,1,6
Dorset,DOSWAN,LOST,284,1437.97
Dorset,DOSWAN,LOSTCARD,1,2
Dorset,DOSWAN,OVERDUE,1517,1740.8
Dorset,DOSWAN,PROCESSFEE,9,4
Dorset,DOUPTO,CHARGE,363,719.2
Dorset,DOUPTO,DAMAGE,1,9.99
Dorset,DOUPTO,LOST,303,1442.96
Dorset,DOUPTO,OVERDUE,520,669.3
Dorset,DOUPTO,PROCESSFEE,3,0
Dorset,DOVERW,CHARGE,1365,3292.5
Dorset,DOVERW,DAMAGE,1,2.5
Dorset,DOVERW,HOLD,24,23.5
Dorset,DOVERW,ILL,1,6
Dorset,DOVERW,LOST,532,2444.97
Dorset,DOVERW,LOSTCARD,19,40
Dorset,DOVERW,OVERDUE,1765,2014.3
Dorset,DOVERW,PROCESSFEE,12,0
Dorset,DOVERW,SALENOVAT,4,5.3
Dorset,DOWARE,CHARGE,651,1590.9
Dorset,DOWARE,GROUP,1,12
Dorset,DOWARE,HOLD,5,5
Dorset,DOWARE,LOST,347,2152.99
Dorset,DOWARE,LOSTCARD,10,19
Dorset,DOWARE,OVERDUE,1915,2469.6
Dorset,DOWARE,PRIVILEGE,3,32.7
Dorset,DOWARE,PROCESSFEE,7,0
Dorset,DOWARE,SALENOVAT,4,2.7
Dorset,DOWARE,SALEVAT,2,2.83
Dorset,DOWEST,CHARGE,201,459.0
Dorset,DOWEST,DAMAGE,1,6.99
Dorset,DOWEST,LOST,147,677.96
Dorset,DOWEST,OVERDUE,764,630.5
Dorset,DOWEST,PROCESSFEE,3,0
Dorset,DOWEYM,BFR,1,9
Dorset,DOWEYM,CHARGE,1613,3876.8
Dorset,DOWEYM,DAMAGE,4,36.97
Dorset,DOWEYM,GROUP,1,1.2
Dorset,DOWEYM,HOLD,11,14
Dorset,DOWEYM,LOST,1117,6069.96
Dorset,DOWEYM,LOSTCARD,15,30
Dorset,DOWEYM,OVERDUE,4364,6377.3
Dorset,DOWEYM,PROCESSFEE,21,7.99
Dorset,DOWIMB,CHARGE,1913,4601.5
Dorset,DOWIMB,DAMAGE,2,27.99
Dorset,DOWIMB,HOLD,3,3
Dorset,DOWIMB,LOST,859,4164.87
Dorset,DOWIMB,LOSTCARD,1,2
Dorset,DOWIMB,OVERDUE,2741,3648.3
Dorset,DOWIMB,PRIVILEGE,2,4.5
Dorset,DOWIMB,PROCESSFEE,8,0
Dorset,DOWMOMOB,LOST,55,318
Dorset,DOWMOMOB,PROCESSFEE,3,0
Dorset,DOWOOL,CHARGE,20,38.0
Dorset,DOWOOL,LOST,159,681
Dorset,DOWOOL,LOSTCARD,3,4.1
Dorset,DOWOOL,OVERDUE,155,108.6
Dorset,DOWOOL,PRIVILEGE,2,0.7
Dorset,DOWYKE,CHARGE,76,147.0
Dorset,DOWYKE,DAMAGE,1,12.99
Dorset,DOWYKE,LOST,192,862.97
Dorset,DOWYKE,OVERDUE,610,540.1
Dorset,DOWYKE,PROCESSFEE,3,0
North Somerset,NSCV,CHARGE,2968,4495.5
North Somerset,NSCV,DAMAGE,14,95.48
North Somerset,NSCV,GROUP,77,659
North Somerset,NSCV,HOLD,1960,2057
North Somerset,NSCV,ILL,1,7
North Somerset,NSCV,LOST,452,2770.41
North Somerset,NSCV,LOSTCARD,8,9
North Somerset,NSCV,OVERDUE,6894,5153.9
North Somerset,NSCV,PRIVILEGE,4,7
North Somerset,NSCV,PROCESSFEE,47,0
North Somerset,NSCX,CHARGE,150,134.0
North Somerset,NSCX,GROUP,23,138
North Somerset,NSCX,HOLD,324,330
North Somerset,NSCX,LOST,59,311.99
North Somerset,NSCX,LOSTCARD,1,2
North Somerset,NSCX,OVERDUE,900,440.1
North Somerset,NSCX,PROCESSFEE,6,24
North Somerset,NSCY,BFR,1,4
North Somerset,NSCY,CHARGE,808,1134.6
North Somerset,NSCY,DAMAGE,2,25.49
North Somerset,NSCY,GROUP,45,352.01
North Somerset,NSCY,HOLD,951,957
North Somerset,NSCY,ILL,2,14
North Somerset,NSCY,LOST,228,1186.92
North Somerset,NSCY,LOSTCARD,3,6
North Somerset,NSCY,OVERDUE,3725,2282.8
North Somerset,NSCY,PROCESSFEE,13,0
North Somerset,NSDS,CHARGE,1,1
North Somerset,NSDS,HOLD,2,2
North Somerset,NSDS,OVERDUE,1,0.1
North Somerset,NSHLC,CHARGE,387,673.3
North Somerset,NSHLC,DAMAGE,1,4.99
North Somerset,NSHLC,GROUP,16,96
North Somerset,NSHLC,HOLD,170,176
North Somerset,NSHLC,LOST,213,1162.95
North Somerset,NSHLC,LOSTCARD,9,10
North Somerset,NSHLC,OVERDUE,1251,1292.3
North Somerset,NSHLC,PROCESSFEE,3,0
North Somerset,NSNA,CHARGE,3399,5010.3
North Somerset,NSNA,DAMAGE,4,29.21
North Somerset,NSNA,GROUP,77,1424
North Somerset,NSNA,HOLD,2128,2187
North Somerset,NSNA,ILL,4,131
North Somerset,NSNA,LOST,507,2914.88
North Somerset,NSNA,LOSTCARD,12,22
North Somerset,NSNA,OVERDUE,8990,6083.7
North Somerset,NSNA,PROCESSFEE,24,0
North Somerset,NSNA,SALENOVAT,4,3.15
North Somerset,NSNA,SALEVAT,1,0.12
North Somerset,NSNL,CHARGE,738,1115.8
North Somerset,NSNL,GROUP,31,186
North Somerset,NSNL,HOLD,460,524
North Somerset,NSNL,ILL,3,10.8
North Somerset,NSNL,LOST,144,659.66
North Somerset,NSNL,OVERDUE,2883,1748.6
North Somerset,NSNL,PROCESSFEE,5,0
North Somerset,NSNL,SALENOVAT,1,2
North Somerset,NSNM,CHARGE,262,301.7
North Somerset,NSNM,GROUP,14,84
North Somerset,NSNM,HOLD,1338,725.0
North Somerset,NSNM,ILL,3,9
North Somerset,NSNM,LOST,198,1052.94
North Somerset,NSNM,LOSTCARD,2,4
North Somerset,NSNM,PROCESSFEE,49,0
North Somerset,NSPL,BFR,1,0.6
North Somerset,NSPL,CHARGE,61,62
North Somerset,NSPL,GROUP,8,54
North Somerset,NSPL,HOLD,170,170
North Somerset,NSPL,LOST,73,320
North Somerset,NSPL,LOSTCARD,1,1
North Somerset,NSPL,OVERDUE,649,335.8
North Somerset,NSPL,PROCESSFEE,2,0
North Somerset,NSPO,CHARGE,2895,4286.4
North Somerset,NSPO,DAMAGE,6,46.96
North Somerset,NSPO,GROUP,132,789
North Somerset,NSPO,HOLD,2131,2241
North Somerset,NSPO,ILL,10,53
North Somerset,NSPO,LOST,608,3478.64
North Somerset,NSPO,LOSTCARD,25,35
North Somerset,NSPO,OVERDUE,8806,6413.4
North Somerset,NSPO,PROCESSFEE,63,0
North Somerset,NSPO,SALENOVAT,1,2
North Somerset,NSPO,SALEVAT,2,2.24
North Somerset,NSSTLI,CHARGE,1,2
North Somerset,NSSTLI,HOLD,1,1
North Somerset,NSSTLI,LOST,1,12
North Somerset,NSTZ,HOLD,2,2
North Somerset,NSTZ,LOST,41,323.89
North Somerset,NSTZ,OVERDUE,2,2.6
North Somerset,NSWL,CHARGE,1514,2161.8
North Somerset,NSWL,HOLD,587,587
North Somerset,NSWL,LOST,478,2310.94
North Somerset,NSWL,LOSTCARD,8,16
North Somerset,NSWL,OVERDUE,5294,4565.6
North Somerset,NSWL,PROCESSFEE,19,0
North Somerset,NSWN,CHARGE,581,789.8
North Somerset,NSWN,DAMAGE,4,38
North Somerset,NSWN,GROUP,19,114
North Somerset,NSWN,HOLD,623,635
North Somerset,NSWN,LOST,144,741.99
North Somerset,NSWN,LOSTCARD,2,4
North Somerset,NSWN,OVERDUE,1999,1079.4
North Somerset,NSWN,PROCESSFEE,4,0
North Somerset,NSWO,BFR,2,13.98
North Somerset,NSWO,CHARGE,1131,1675.1
North Somerset,NSWO,DAMAGE,4,29.99
North Somerset,NSWO,GROUP,30,180
North Somerset,NSWO,HOLD,1325,1347
North Somerset,NSWO,ILL,1,6
North Somerset,NSWO,LOST,349,1855.38
North Somerset,NSWO,LOSTCARD,13,19
North Somerset,NSWO,OVERDUE,3812,2674.0
North Somerset,NSWO,PROCESSFEE,8,0
North Somerset,NSWO,SALENOVAT,1,1
North Somerset,NSWS,BFR,2,13.99
North Somerset,NSWS,CHARGE,3415,4773.3
North Somerset,NSWS,DAMAGE,2,11
North Somerset,NSWS,GROUP,36,667.01
North Somerset,NSWS,HOLD,1915,1939.8
North Somerset,NSWS,ILL,4,16
North Somerset,NSWS,LOST,990,6673.86
North Somerset,NSWS,LOSTCARD,82,94.98
North Somerset,NSWS,OVERDUE,9863,11156.5
North Somerset,NSWS,PROCESSFEE,59,0
North Somerset,NSWS,SALENOVAT,12,44.40
North Somerset,NSWS,SALEVAT,3,4.17
Poole,POACQ,CHARGE,118,290.55
Poole,POACQ,HOLD,14,14
Poole,POACQ,OVERDUE,164,201.85
Poole,POBRAN,CHARGE,706,1070.0
Poole,POBRAN,HOLD,654,654
Poole,POBRAN,LOST,1,3.8
Poole,POBRAN,LOSTCARD,3,6
Poole,POBRAN,OVERDUE,1987,3113.2
Poole,POBRAN,PRIVILEGE,1,0.2
Poole,POBRAN,PROCESSFEE,1,0
Poole,POBROA,CHARGE,2816,4672.0
Poole,POBROA,HOLD,1497,1506
Poole,POBROA,LOST,9,82.72
Poole,POBROA,LOSTCARD,2,3
Poole,POBROA,OVERDUE,5488,7943.6
Poole,POBROA,PROCESSFEE,5,0
Poole,POBROA,SALENOVAT,1,1
Poole,POBROA,SALEVAT,1,0.83
Poole,POCACL,CHARGE,745,1202.0
Poole,POCACL,HOLD,1401,1401
Poole,POCACL,LOST,1,10
Poole,POCACL,OVERDUE,1784,2884.1
Poole,POCACL,PROCESSFEE,1,0
Poole,POCAHE,CHARGE,451,694.5
Poole,POCAHE,HOLD,372,372
Poole,POCAHE,OVERDUE,947,1054.8
Poole,POCREE,CHARGE,212,330.0
Poole,POCREE,HOLD,331,331
Poole,POCREE,LOST,2,0
Poole,POCREE,OVERDUE,1050,1736.0
Poole,POCREE,PROCESSFEE,2,0
Poole,POHAMW,CHARGE,361,553.0
Poole,POHAMW,HOLD,370,370
Poole,POHAMW,LOST,4,40
Poole,POHAMW,OVERDUE,1773,3566.2
Poole,POHAMW,PROCESSFEE,1,0
Poole,POHAMW,SALENOVAT,3,7
Poole,POHAMW,SALEVAT,1,0.33
Poole,POOAKD,CHARGE,282,429.5
Poole,POOAKD,HOLD,363,363
Poole,POOAKD,LOST,1,7
Poole,POOAKD,OVERDUE,1182,1600.1
Poole,POOAKD,PROCESSFEE,1,7
Poole,POPARK,CHARGE,700,1101.0
Poole,POPARK,HOLD,879,879
Poole,POPARK,LOST,5,31
Poole,POPARK,OVERDUE,1770,2761.8
Poole,POPARK,PROCESSFEE,3,0
Poole,POPARK,SALENOVAT,1,0.6
Poole,POPOOL,BFR,1,1
Poole,POPOOL,CHARGE,4243,6422.5
Poole,POPOOL,DAMAGE,4,38.27
Poole,POPOOL,GROUP,1,2.2
Poole,POPOOL,HOLD,1983,2019
Poole,POPOOL,LOST,10,68
Poole,POPOOL,LOSTCARD,7,13.3
Poole,POPOOL,OVERDUE,8975,14610.9
Poole,POPOOL,PRIVILEGE,12,12.05
Poole,POPOOL,PROCESSFEE,8,0
Poole,POPOOL,SALENOVAT,2,5.2
Poole,POROSS,CHARGE,541,840.0
Poole,POROSS,HOLD,475,475
Poole,POROSS,LOSTCARD,1,1
Poole,POROSS,OVERDUE,2253,4947.1
Poole,POROSS,PRIVILEGE,1,2.2
Poole,POROSS,SALENOVAT,2,6.9
Somerset,SOBHM,CHARGE,2038,4378.85
Somerset,SOBHM,DAMAGE,3,16.5
Somerset,SOBHM,GROUP,62,341.0
Somerset,SOBHM,HOLD,2113,2125.0
Somerset,SOBHM,LOST,154,998.99
Somerset,SOBHM,LOSTCARD,83,166
Somerset,SOBHM,OVERDUE,4192,4300.70
Somerset,SOBHM,PROCESSFEE,22,8
Somerset,SOBHM,SALENOVAT,13,38.5
Somerset,SOBHM,SALEVAT,9,7.03
Somerset,SOBLD,CHARGE,30,57.25
Somerset,SOBLD,DAMAGE,1,5.21
Somerset,SOBLD,GROUP,11,60.5
Somerset,SOBLD,HOLD,225,236.0
Somerset,SOBLD,LOST,26,125
Somerset,SOBLD,LOSTCARD,6,12
Somerset,SOBLD,OVERDUE,313,287.70
Somerset,SOBLD,PROCESSFEE,4,0
Somerset,SOBLD,SALEVAT,1,0.17
Somerset,SOBRN,CHARGE,60,131.75
Somerset,SOBRN,GROUP,8,44.0
Somerset,SOBRN,HOLD,294,291.5
Somerset,SOBRN,LOST,60,248
Somerset,SOBRN,LOSTCARD,6,12
Somerset,SOBRN,OVERDUE,666,576.65
Somerset,SOBRN,PROCESSFEE,5,0
Somerset,SOBRW,BFR,2,37.2
Somerset,SOBRW,CHARGE,2036,4157.00
Somerset,SOBRW,DAMAGE,6,42.96
Somerset,SOBRW,GROUP,31,170.5
Somerset,SOBRW,HOLD,1792,1810.5
Somerset,SOBRW,LOST,418,2442.04
Somerset,SOBRW,LOSTCARD,108,216
Somerset,SOBRW,OVERDUE,7481,7734.35
Somerset,SOBRW,PROCESSFEE,100,0
Somerset,SOBRW,SALENOVAT,3,16.98
Somerset,SOBRW,SALEVAT,14,61.04
Somerset,SOCCY,CHARGE,155,307.25
Somerset,SOCCY,DAMAGE,1,10
Somerset,SOCCY,GROUP,46,258.5
Somerset,SOCCY,HOLD,588,597.5
Somerset,SOCCY,LOST,34,226.95
Somerset,SOCCY,LOSTCARD,9,18
Somerset,SOCCY,OVERDUE,816,759.80
Somerset,SOCCY,PROCESSFEE,17,0
Somerset,SOCCY,SALENOVAT,1,1
Somerset,SOCHA,CHARGE,925,1876.00
Somerset,SOCHA,DAMAGE,1,7.99
Somerset,SOCHA,GROUP,55,302.5
Somerset,SOCHA,HOLD,1557,1582.0
Somerset,SOCHA,ILL,2,11.8
Somerset,SOCHA,LOST,151,1270.25
Somerset,SOCHA,LOSTCARD,30,60
Somerset,SOCHA,OVERDUE,3335,3359.85
Somerset,SOCHA,PROCESSFEE,22,0
Somerset,SOCHA,SALENOVAT,2,5.95
Somerset,SOCHA,SALEVAT,1,6
Somerset,SOCHE,CHARGE,714,1525.50
Somerset,SOCHE,DAMAGE,4,43.97
Somerset,SOCHE,GROUP,95,522.5
Somerset,SOCHE,HOLD,1095,1200.0
Somerset,SOCHE,ILL,2,9
Somerset,SOCHE,LOST,40,221.78
Somerset,SOCHE,LOSTCARD,31,62
Somerset,SOCHE,OVERDUE,1463,1062.50
Somerset,SOCHE,PRIVILEGE,1,5.5
Somerset,SOCHE,PROCESSFEE,7,0
Somerset,SOCHE,SALENOVAT,1,0.15
Somerset,SOCHE,SALEVAT,1,0.12
Somerset,SOCRS,CHARGE,3,5.25
Somerset,SOCRS,DAMAGE,1,4
Somerset,SOCRS,OVERDUE,2,0.7
Somerset,SOCRW,CHARGE,1034,2235.75
Somerset,SOCRW,DAMAGE,6,57
Somerset,SOCRW,GROUP,18,98.75
Somerset,SOCRW,HOLD,1456,1485.0
Somerset,SOCRW,ILL,1,4
Somerset,SOCRW,LOST,124,699.97
Somerset,SOCRW,LOSTCARD,29,58
Somerset,SOCRW,OVERDUE,3227,2450.95
Somerset,SOCRW,PROCESSFEE,38,0
Somerset,SODUL,BFR,2,9.74
Somerset,SODUL,CHARGE,217,433.0
Somerset,SODUL,GROUP,38,209.0
Somerset,SODUL,HOLD,585,592.5
Somerset,SODUL,ILL,2,8
Somerset,SODUL,LOST,24,322.99
Somerset,SODUL,LOSTCARD,7,14
Somerset,SODUL,OVERDUE,863,700.40
Somerset,SODUL,PROCESSFEE,2,0
Somerset,SOFRO,CHARGE,6552,12680.60
Somerset,SOFRO,DAMAGE,3,18
Somerset,SOFRO,GROUP,194,1044.7
Somerset,SOFRO,HOLD,3529,3622.0
Somerset,SOFRO,ILL,2,8
Somerset,SOFRO,LOST,543,3569.29
Somerset,SOFRO,LOSTCARD,172,344
Somerset,SOFRO,OVERDUE,12945,14575.05
Somerset,SOFRO,PROCESSFEE,201,0
Somerset,SOGLA,BFR,1,5
Somerset,SOGLA,CHARGE,3301,7251.15
Somerset,SOGLA,DAMAGE,2,9
Somerset,SOGLA,GROUP,26,138.9
Somerset,SOGLA,HOLD,1738,1827.5
Somerset,SOGLA,ILL,3,12
Somerset,SOGLA,LOST,133,870
Somerset,SOGLA,LOSTCARD,65,130
Somerset,SOGLA,OVERDUE,3550,4294.25
Somerset,SOGLA,PROCESSFEE,30,0
Somerset,SOGLA,SALENOVAT,4,7.1
Somerset,SOGLA,SALEVAT,10,15.98
Somerset,SOHDQ,CHARGE,67,131.00
Somerset,SOHDQ,HOLD,6,18
Somerset,SOHDQ,ILL,1,3
Somerset,SOHDQ,LOST,4,37
Somerset,SOHDQ,OVERDUE,30,48.80
Somerset,SOHDQ,PROCESSFEE,3,0
Somerset,SOHIB,CHARGE,24,46.00
Somerset,SOHIB,HOLD,197,201
Somerset,SOHIB,LOST,14,66
Somerset,SOHIB,LOSTCARD,10,20
Somerset,SOHIB,OVERDUE,204,149.50
Somerset,SOILM,CHARGE,167,334.5
Somerset,SOILM,DAMAGE,5,20
Somerset,SOILM,GROUP,11,60.5
Somerset,SOILM,HOLD,918,1145.5
Somerset,SOILM,ILL,3,12
Somerset,SOILM,LOST,66,288
Somerset,SOILM,LOSTCARD,4,8
Somerset,SOILM,OVERDUE,1570,1424.25
Somerset,SOILM,PROCESSFEE,13,0
Somerset,SOILM,SALENOVAT,3,16.5
Somerset,SOLAN,CHARGE,1371,2904.25
Somerset,SOLAN,GROUP,89,489.5
Somerset,SOLAN,HOLD,1550,1596.0
Somerset,SOLAN,ILL,2,8
Somerset,SOLAN,LOST,176,1064.95
Somerset,SOLAN,LOSTCARD,8,16
Somerset,SOLAN,OVERDUE,3127,2882.40
Somerset,SOLAN,PROCESSFEE,9,0
Somerset,SOLAN,SALEVAT,1,0.12
Somerset,SOMAR,CHARGE,540,1194.75
Somerset,SOMAR,DAMAGE,9,54.98
Somerset,SOMAR,GROUP,50,275.0
Somerset,SOMAR,HOLD,680,677.5
Somerset,SOMAR,ILL,1,4
Somerset,SOMAR,LOST,57,263
Somerset,SOMAR,LOSTCARD,9,18
Somerset,SOMAR,OVERDUE,1832,1418.15
Somerset,SOMAR,PROCESSFEE,23,0
Somerset,SOMIN,BFR,5,50.96
Somerset,SOMIN,CHARGE,1601,3577.25
Somerset,SOMIN,DAMAGE,5,48.97
Somerset,SOMIN,GROUP,122,666.5
Somerset,SOMIN,HOLD,2156,2198.75
Somerset,SOMIN,ILL,3,12
Somerset,SOMIN,LOST,103,660.65
Somerset,SOMIN,LOSTCARD,59,117
Somerset,SOMIN,OVERDUE,3505,3117.40
Somerset,SOMIN,PROCESSFEE,33,0
Somerset,SOMIN,SALENOVAT,2,3.6
Somerset,SOMIN,SALEVAT,8,18.66
Somerset,SOMPT,CHARGE,136,291.15
Somerset,SOMPT,GROUP,24,132.0
Somerset,SOMPT,HOLD,311,309.5
Somerset,SOMPT,LOST,11,103
Somerset,SOMPT,OVERDUE,477,299.90
Somerset,SOMPT,PROCESSFEE,1,0
Somerset,SONES,CHARGE,96,183.50
Somerset,SONES,GROUP,7,38.5
Somerset,SONES,HOLD,490,486.5
Somerset,SONES,LOST,39,196
Somerset,SONES,LOSTCARD,5,10
Somerset,SONES,OVERDUE,714,596.20
Somerset,SONPN,CHARGE,29,58
Somerset,SONPN,GROUP,18,99.5
Somerset,SONPN,HOLD,428,423.0
Somerset,SONPN,LOST,18,113
Somerset,SONPN,LOSTCARD,9,18
Somerset,SONPN,OVERDUE,485,289.45
Somerset,SONPN,PROCESSFEE,1,0
Somerset,SOPAL,CHARGE,12,23.75
Somerset,SOPAL,HOLD,9,19.5
Somerset,SOPAL,LOST,2,70
Somerset,SOPAL,OVERDUE,446,644.85
Somerset,SOPAL,SALENOVAT,1,0.1
Somerset,SOPOR,CHARGE,46,96
Somerset,SOPOR,DAMAGE,1,4
Somerset,SOPOR,GROUP,24,132.0
Somerset,SOPOR,HOLD,256,260
Somerset,SOPOR,ILL,1,4
Somerset,SOPOR,LOST,12,129
Somerset,SOPOR,LOSTCARD,1,2
Somerset,SOPOR,OVERDUE,378,324.50
Somerset,SOPOR,PROCESSFEE,1,0
Somerset,SOPRW,BFR,2,14
Somerset,SOPRW,CHARGE,106,221.0
Somerset,SOPRW,GROUP,14,77.0
Somerset,SOPRW,HOLD,506,530.0
Somerset,SOPRW,LOST,63,282
Somerset,SOPRW,LOSTCARD,3,6
Somerset,SOPRW,OVERDUE,1271,919.45
Somerset,SOPRW,PROCESSFEE,4,0
Somerset,SOPRW,SALEVAT,1,0.21
Somerset,SOSDI,OVERDUE,4,4.4
Somerset,SOSHM,BFR,7,59.17
Somerset,SOSHM,CHARGE,921,1898.15
Somerset,SOSHM,DAMAGE,1,4
Somerset,SOSHM,GROUP,70,383.5
Somerset,SOSHM,HOLD,1347,1487.35
Somerset,SOSHM,ILL,8,32
Somerset,SOSHM,LOST,114,692.94
Somerset,SOSHM,LOSTCARD,34,68
Somerset,SOSHM,OVERDUE,2375,2021.30
Somerset,SOSHM,PRIVILEGE,1,5
Somerset,SOSHM,PROCESSFEE,51,0
Somerset,SOSHM,SALENOVAT,3,4
Somerset,SOSHM,SALEVAT,1,0.83
Somerset,SOSOM,CHARGE,688,1485.5
Somerset,SOSOM,DAMAGE,5,77.34
Somerset,SOSOM,GROUP,71,390.5
Somerset,SOSOM,HOLD,1068,1073.5
Somerset,SOSOM,LOST,62,340.97
Somerset,SOSOM,LOSTCARD,5,10
Somerset,SOSOM,OVERDUE,1923,1536.85
Somerset,SOSOM,PRIVILEGE,1,5.5
Somerset,SOSOM,PROCESSFEE,3,0
Somerset,SOSOM,SALENOVAT,1,0.4
Somerset,SOSPN,CHARGE,108,208.25
Somerset,SOSPN,DAMAGE,4,32.97
Somerset,SOSPN,GROUP,6,33.0
Somerset,SOSPN,HOLD,593,592.5
Somerset,SOSPN,LOST,22,112
Somerset,SOSPN,LOSTCARD,7,14
Somerset,SOSPN,OVERDUE,557,539.75
Somerset,SOSPN,SALEVAT,1,5.12
Somerset,SOSTR,BFR,1,4
Somerset,SOSTR,CHARGE,1450,3186.55
Somerset,SOSTR,DAMAGE,2,8
Somerset,SOSTR,GROUP,45,247.5
Somerset,SOSTR,HOLD,1573,1598.5
Somerset,SOSTR,ILL,3,12
Somerset,SOSTR,LOST,132,673
Somerset,SOSTR,LOSTCARD,71,142
Somerset,SOSTR,OVERDUE,3471,3406.50
Somerset,SOSTR,PROCESSFEE,23,0
Somerset,SOSTR,SALENOVAT,8,9.85
Somerset,SOSTR,SALEVAT,19,22.00
Somerset,SOSUN,CHARGE,8,15.5
Somerset,SOSUN,DAMAGE,1,7
Somerset,SOSUN,HOLD,108,107.5
Somerset,SOSUN,LOST,8,36
Somerset,SOSUN,LOSTCARD,2,4
Somerset,SOSUN,OVERDUE,238,235.85
Somerset,SOTAM,CHARGE,94,188
Somerset,SOTAM,HOLD,59,58.5
Somerset,SOTAM,LOST,273,1579.89
Somerset,SOTAM,PROCESSFEE,6,0
Somerset,SOTAU,BFR,207,1897.44
Somerset,SOTAU,CHARGE,10525,20939.90
Somerset,SOTAU,DAMAGE,38,235.83
Somerset,SOTAU,GROUP,205,1099.95
Somerset,SOTAU,HOLD,6124,6404.32
Somerset,SOTAU,ILL,5,20
Somerset,SOTAU,LOST,957,6000.58
Somerset,SOTAU,LOSTCARD,202,403.5
Somerset,SOTAU,OVERDUE,21095,24696.30
Somerset,SOTAU,PROCESSFEE,223,0
Somerset,SOTAU,SALENOVAT,36,636.09
Somerset,SOTAU,SALEVAT,33,87.27
Somerset,SOWAT,BFR,3,35.97
Somerset,SOWAT,CHARGE,171,330.40
Somerset,SOWAT,DAMAGE,2,15.98
Somerset,SOWAT,HOLD,273,273.5
Somerset,SOWAT,LOST,6,44
Somerset,SOWAT,LOSTCARD,16,32
Somerset,SOWAT,OVERDUE,479,426.40
Somerset,SOWCN,BFR,1,4
Somerset,SOWCN,CHARGE,721,1554.35
Somerset,SOWCN,GROUP,102,536.0
Somerset,SOWCN,HOLD,1427,1525.5
Somerset,SOWCN,ILL,1,4
Somerset,SOWCN,LOST,45,253
Somerset,SOWCN,LOSTCARD,23,46
Somerset,SOWCN,OVERDUE,2005,1393.60
Somerset,SOWCN,PROCESSFEE,13,0
Somerset,SOWCN,SALENOVAT,8,19
Somerset,SOWCN,SALEVAT,1,6.25
Somerset,SOWIL,BFR,4,26.96
Somerset,SOWIL,CHARGE,802,1703.50
Somerset,SOWIL,DAMAGE,1,7
Somerset,SOWIL,GROUP,37,198.4
Somerset,SOWIL,HOLD,834,843.0
Somerset,SOWIL,LOST,43,219.49
Somerset,SOWIL,LOSTCARD,18,36
Somerset,SOWIL,OVERDUE,1645,1223.90
Somerset,SOWIL,PROCESSFEE,4,0
Somerset,SOWIV,BFR,1,1.35
Somerset,SOWIV,CHARGE,153,313.00
Somerset,SOWIV,DAMAGE,2,16.98
Somerset,SOWIV,GROUP,34,217.5
Somerset,SOWIV,HOLD,699,767.0
Somerset,SOWIV,LOST,36,195.17
Somerset,SOWIV,OVERDUE,1090,1052.05
Somerset,SOWIV,PRIVILEGE,2,48.65
Somerset,SOWIV,PROCESSFEE,15,0
Somerset,SOWIV,SALENOVAT,3,13.8
Somerset,SOWLM,CHARGE,20,40
Somerset,SOWLM,HOLD,8,7.0
Somerset,SOWLM,LOST,38,242
Somerset,SOWLM,PROCESSFEE,15,0
Somerset,SOWLN,BFR,11,69.89
Somerset,SOWLN,CHARGE,1607,3462.85
Somerset,SOWLN,DAMAGE,13,97.98
Somerset,SOWLN,GROUP,80,440.5
Somerset,SOWLN,HOLD,2408,2603.5
Somerset,SOWLN,ILL,2,8
Somerset,SOWLN,LOST,168,1045.64
Somerset,SOWLN,LOSTCARD,19,38
Somerset,SOWLN,OVERDUE,4534,5272.80
Somerset,SOWLN,PROCESSFEE,39,0
Somerset,SOWLN,SALENOVAT,8,17.1
Somerset,SOWLN,SALEVAT,2,5.87
Somerset,SOWLS,BFR,2,4.2
Somerset,SOWLS,CHARGE,3818,8305.95
Somerset,SOWLS,DAMAGE,11,40.94
Somerset,SOWLS,GROUP,124,642.05
Somerset,SOWLS,HOLD,2912,3139.65
Somerset,SOWLS,ILL,3,12
Somerset,SOWLS,LOST,186,1074.98
Somerset,SOWLS,LOSTCARD,119,239
Somerset,SOWLS,OVERDUE,6699,7562.30
Somerset,SOWLS,PRIVILEGE,3,3.3
Somerset,SOWLS,PROCESSFEE,90,0
Somerset,SOWLS,SALENOVAT,8,10.50
Somerset,SOWLS,SALEVAT,12,64.84
Somerset,SOYEO,BFR,24,168
Somerset,SOYEO,CHARGE,4371,8804.70
Somerset,SOYEO,DAMAGE,15,91.98
Somerset,SOYEO,GROUP,60,330.0
Somerset,SOYEO,HOLD,3059,3102.95
Somerset,SOYEO,LOST,595,3909.88
Somerset,SOYEO,LOSTCARD,119,244
Somerset,SOYEO,OVERDUE,11636,12682.55
Somerset,SOYEO,PROCESSFEE,160,0
Somerset,SOYEO,SALENOVAT,7,36.60
Somerset,SOYEO,SALEVAT,4,6.70
South Gloucestershire,SGBS,CHARGE,4812,5687.2
South Gloucestershire,SGBS,DAMAGE,2,8.49
South Gloucestershire,SGBS,GROUP,70,277
South Gloucestershire,SGBS,HOLD,1573,1258.3
South Gloucestershire,SGBS,ILL,2,34
South Gloucestershire,SGBS,LOST,2037,10345.02
South Gloucestershire,SGBS,OVERDUE,4624,7527.7
South Gloucestershire,SGBS,PRIVILEGE,1,1
South Gloucestershire,SGBS,PROCESSFEE,31,4
South Gloucestershire,SGBS,SALENOVAT,7,33.7
South Gloucestershire,SGBS,SALEVAT,4,7.09
South Gloucestershire,SGCH,CHARGE,885,1087.4
South Gloucestershire,SGCH,DAMAGE,1,5.99
South Gloucestershire,SGCH,GROUP,27,108
South Gloucestershire,SGCH,HOLD,562,446.1
South Gloucestershire,SGCH,LOST,467,2506.90
South Gloucestershire,SGCH,OVERDUE,1170,1202.5
South Gloucestershire,SGCH,PROCESSFEE,9,12.98
South Gloucestershire,SGCH,SALEVAT,2,1.50
South Gloucestershire,SGCS,CHARGE,495,631.0
South Gloucestershire,SGCS,GROUP,5,20
South Gloucestershire,SGCS,HOLD,464,318.4
South Gloucestershire,SGCS,LOST,76,413
South Gloucestershire,SGCS,OVERDUE,510,526.6
South Gloucestershire,SGDO,CHARGE,1843,2258.0
South Gloucestershire,SGDO,DAMAGE,1,4
South Gloucestershire,SGDO,GROUP,47,192
South Gloucestershire,SGDO,HOLD,1114,929.3
South Gloucestershire,SGDO,LOST,1403,8026.40
South Gloucestershire,SGDO,OVERDUE,2799,3664.7
South Gloucestershire,SGDO,PROCESSFEE,4,0
South Gloucestershire,SGDO,SALENOVAT,13,18.4
South Gloucestershire,SGDO,SALEVAT,5,11.49
South Gloucestershire,SGDZ,OVERDUE,10,7.6
South Gloucestershire,SGEG,CHARGE,2899,3569.2
South Gloucestershire,SGEG,DAMAGE,4,25.57
South Gloucestershire,SGEG,GROUP,16,60
South Gloucestershire,SGEG,HOLD,956,849.1
South Gloucestershire,SGEG,LOST,1182,5605.95
South Gloucestershire,SGEG,LOSTCARD,3,1.5
South Gloucestershire,SGEG,OVERDUE,2732,3750.1
South Gloucestershire,SGEG,PRIVILEGE,1,0.1
South Gloucestershire,SGEG,PROCESSFEE,12,0
South Gloucestershire,SGEG,SALENOVAT,6,9.75
South Gloucestershire,SGEG,SALEVAT,2,7.08
South Gloucestershire,SGEP,HOLD,143,143
South Gloucestershire,SGEP,LOST,919,8041.0
South Gloucestershire,SGEP,PROCESSFEE,491,0
South Gloucestershire,SGFT,CHARGE,1250,1628.8
South Gloucestershire,SGFT,GROUP,24,90
South Gloucestershire,SGFT,HOLD,802,719.0
South Gloucestershire,SGFT,LOST,835,4563.96
South Gloucestershire,SGFT,OVERDUE,2403,3503.8
South Gloucestershire,SGFT,PRIVILEGE,1,0.1
South Gloucestershire,SGFT,PROCESSFEE,6,0
South Gloucestershire,SGFT,SALENOVAT,5,9.4
South Gloucestershire,SGFT,SALEVAT,11,6.43
South Gloucestershire,SGHH,CHARGE,1977,2411.5
South Gloucestershire,SGHH,GROUP,44,176
South Gloucestershire,SGHH,HOLD,1108,856.0
South Gloucestershire,SGHH,LOST,1148,5590.49
South Gloucestershire,SGHH,OVERDUE,2866,3982.4
South Gloucestershire,SGHH,PROCESSFEE,7,0
South Gloucestershire,SGHH,SALENOVAT,3,4.5
South Gloucestershire,SGHH,SALEVAT,8,11.16
South Gloucestershire,SGKI,CHARGE,1987,2379.5
South Gloucestershire,SGKI,DAMAGE,1,0.05
South Gloucestershire,SGKI,GROUP,1,4
South Gloucestershire,SGKI,HOLD,910,675.1
South Gloucestershire,SGKI,LOST,1054,5956.96
South Gloucestershire,SGKI,OVERDUE,2807,3520.5
South Gloucestershire,SGKI,PRIVILEGE,1,0.6
South Gloucestershire,SGKI,PROCESSFEE,6,0
South Gloucestershire,SGKI,SALEVAT,3,2.49
South Gloucestershire,SGLP,HOLD,229,229
South Gloucestershire,SGLP,LOST,8,71
South Gloucestershire,SGPA,CHARGE,562,694.5
South Gloucestershire,SGPA,GROUP,13,52
South Gloucestershire,SGPA,HOLD,455,326.1
South Gloucestershire,SGPA,LOST,703,4288.99
South Gloucestershire,SGPA,OVERDUE,1165,1789.7
South Gloucestershire,SGPA,PRIVILEGE,3,1.6
South Gloucestershire,SGPA,PROCESSFEE,5,0
South Gloucestershire,SGPA,SALENOVAT,26,22.8
South Gloucestershire,SGPA,SALEVAT,4,2.75
South Gloucestershire,SGST,BFR,2,0.4
South Gloucestershire,SGST,CHARGE,1612,2037.0
South Gloucestershire,SGST,DAMAGE,1,0.1
South Gloucestershire,SGST,GROUP,24,96
South Gloucestershire,SGST,HOLD,724,510.4
South Gloucestershire,SGST,LOST,719,4030.97
South Gloucestershire,SGST,OVERDUE,2206,2758.4
South Gloucestershire,SGST,PROCESSFEE,9,0
South Gloucestershire,SGST,SALENOVAT,4,5.2
South Gloucestershire,SGST,SALEVAT,2,0.25
South Gloucestershire,SGTH,CHARGE,2543,3384.1
South Gloucestershire,SGTH,DAMAGE,1,16.99
South Gloucestershire,SGTH,GROUP,97,484.1
South Gloucestershire,SGTH,HOLD,2179,1749.0
South Gloucestershire,SGTH,ILL,12,367
South Gloucestershire,SGTH,LOST,843,4192.04
South Gloucestershire,SGTH,LOSTCARD,3,1.5
South Gloucestershire,SGTH,OVERDUE,3186,3419.2
South Gloucestershire,SGTH,PROCESSFEE,13,7
South Gloucestershire,SGTH,SALENOVAT,4,13
South Gloucestershire,SGTH,SALEVAT,1,0.58
South Gloucestershire,SGWT,CHARGE,969,1204.8
South Gloucestershire,SGWT,DAMAGE,2,15.1
South Gloucestershire,SGWT,GROUP,57,225.5
South Gloucestershire,SGWT,HOLD,921,608.7
South Gloucestershire,SGWT,LOST,551,2787.11
South Gloucestershire,SGWT,OVERDUE,1436,1855.5
South Gloucestershire,SGWT,PROCESSFEE,3,0
South Gloucestershire,SGWT,SALENOVAT,2,3.0
South Gloucestershire,SGWT,SALEVAT,2,1.75
South Gloucestershire,SGYA,CHARGE,4244,5636.1
South Gloucestershire,SGYA,GROUP,13,62
South Gloucestershire,SGYA,HOLD,2924,2267.6
South Gloucestershire,SGYA,ILL,1,4
South Gloucestershire,SGYA,LOST,1935,11606.25
South Gloucestershire,SGYA,LOSTCARD,3,1.5
South Gloucestershire,SGYA,OVERDUE,6627,10464.8
South Gloucestershire,SGYA,PROCESSFEE,28,0
South Gloucestershire,SGYA,SALENOVAT,15,21.1
South Gloucestershire,SGYA,SALEVAT,2,4
South Gloucestershire,SGYM,CHARGE,549,920
South Gloucestershire,SGYM,GROUP,1,0.01
South Gloucestershire,SGYM,HOLD,2,1.0
South Gloucestershire,SGYM,LOST,284,1995
South Gloucestershire,SGYM,OVERDUE,12,12.3
South Gloucestershire,SGYM,PROCESSFEE,2,0
South Gloucestershire,SGYZ,CHARGE,1,1.4
South Gloucestershire,SGYZ,HOLD,2,1.6
South Gloucestershire,SGYZ,OVERDUE,5,1.0
