authority,library,payment_type,number_of_payments,total_paid
Bath and North East Somerset,BNBL,CANCEL,2315,5597.69
Bath and North East Somerset,BNBL,CASH,19966,19102.15
Bath and North East Somerset,BNBL,CHEQUE,17,180.65
Bath and North East Somerset,BNBL,CREDITACCT,94,76.50
Bath and North East Somerset,BNBL,CREDITCARD,9826,15678.83
Bath and North East Somerset,BNBL,DEBITCARD,1,1.1
Bath and North East Somerset,BNBL,FORGIVEN,1784,3574.26
Bath and North East Somerset,BNBL,NONE,2,0
Bath and North East Somerset,BNCC,CREDITACCT,1,0.3
Bath and North East Somerset,BNCC,FORGIVEN,17,21.80
Bath and North East Somerset,BNKY,CANCEL,439,773.22
Bath and North East Somerset,BNKY,CASH,6923,5659.50
Bath and North East Somerset,BNKY,CREDITACCT,13,6.15
Bath and North East Somerset,BNKY,CREDITCARD,1985,2991.66
Bath and North East Somerset,BNKY,DEBITCARD,9,11.90
Bath and North East Somerset,BNKY,FORGIVEN,942,1411.45
Bath and North East Somerset,BNKY,NONE,2,1.0
Bath and North East Somerset,BNMN,CANCEL,359,1112.75
Bath and North East Somerset,BNMN,CASH,4405,3415.02
Bath and North East Somerset,BNMN,CREDITACCT,5,1.00
Bath and North East Somerset,BNMN,CREDITCARD,1415,1868.20
Bath and North East Somerset,BNMN,DEBITCARD,3,0.9
Bath and North East Somerset,BNMN,FORGIVEN,267,448.89
Bath and North East Somerset,BNMN,NONE,1,1.8
Bath and North East Somerset,BNMOB,CANCEL,540,943.41
Bath and North East Somerset,BNMOB,CASH,264,397.14
Bath and North East Somerset,BNMOB,CREDITACCT,1,1.8
Bath and North East Somerset,BNMOB,FORGIVEN,126,228.30
Bath and North East Somerset,BNMOO,CANCEL,146,297.20
Bath and North East Somerset,BNMOO,CASH,2032,1613.46
Bath and North East Somerset,BNMOO,CREDITACCT,6,0.95
Bath and North East Somerset,BNMOO,CREDITCARD,410,501.35
Bath and North East Somerset,BNMOO,FORGIVEN,239,284.25
Bath and North East Somerset,BNPAU,CANCEL,54,118.42
Bath and North East Somerset,BNPAU,CASH,871,779.26
Bath and North East Somerset,BNPAU,CREDITCARD,268,573.39
Bath and North East Somerset,BNPAU,FORGIVEN,61,89.70
Bath and North East Somerset,BNPAU,VOUCH,1,10
Bath and North East Somerset,BNRAD,CANCEL,39,47.74
Bath and North East Somerset,BNRAD,CASH,1568,1145.12
Bath and North East Somerset,BNRAD,CREDITACCT,2,0.30
Bath and North East Somerset,BNRAD,CREDITCARD,258,261.32
Bath and North East Somerset,BNRAD,DEBITCARD,1,0.3
Bath and North East Somerset,BNRAD,FORGIVEN,84,80.75
Bath and North East Somerset,BNRAD,NONE,18,21.15
Bath and North East Somerset,BNSAL,CANCEL,62,187.15
Bath and North East Somerset,BNSAL,CASH,444,282.33
Bath and North East Somerset,BNSAL,CREDITACCT,2,0.6
Bath and North East Somerset,BNSAL,CREDITCARD,120,120.85
Bath and North East Somerset,BNSAL,FORGIVEN,70,42.70
Bath and North East Somerset,BNWES,CANCEL,136,109.93
Bath and North East Somerset,BNWES,CASH,1330,943.60
Bath and North East Somerset,BNWES,CREDITACCT,9,10.15
Bath and North East Somerset,BNWES,CREDITCARD,177,209.26
Bath and North East Somerset,BNWES,FORGIVEN,135,174.00
Bristol,BSAL,CANCEL,3487,18292.62
Bristol,BSAL,CASH,27622,24486.31
Bristol,BSAL,CHEQUE,159,771.23
Bristol,BSAL,CREDITACCT,54,47.65
Bristol,BSAL,CREDITCARD,9225,11316.34
Bristol,BSAL,DEBITCARD,2120,4409.09
Bristol,BSAL,FORGIVEN,5512,13302.13
Bristol,BSAL,NONE,25,94.66
Bristol,BSAL,VOUCH,88,95.0
Bristol,BSAM,CANCEL,95,418.65
Bristol,BSAM,CASH,185,193.77
Bristol,BSAM,FORGIVEN,155,152.07
Bristol,BSAM,VOUCH,4,4
Bristol,BSBE,CANCEL,1502,7658.79
Bristol,BSBE,CASH,7683,7041.53
Bristol,BSBE,CREDITACCT,29,19.50
Bristol,BSBE,CREDITCARD,2222,2772.67
Bristol,BSBE,DEBITCARD,6,94.55
Bristol,BSBE,FORGIVEN,1116,2894.45
Bristol,BSBE,NONE,2,3
Bristol,BSBE,VOUCH,85,82.45
Bristol,BSBI,CANCEL,736,3007.11
Bristol,BSBI,CASH,1368,1350.54
Bristol,BSBI,CHEQUE,7,39.0
Bristol,BSBI,CREDITACCT,4,1.20
Bristol,BSBI,FORGIVEN,221,570.28
Bristol,BSBI,VOUCH,19,19
Bristol,BSBM,CANCEL,10,49
Bristol,BSBM,FORGIVEN,14,15.6
Bristol,BSBT,CANCEL,469,2207.55
Bristol,BSBT,CASH,991,854.36
Bristol,BSBT,CREDITACCT,2,0.75
Bristol,BSBT,CREDITCARD,290,422.83
Bristol,BSBT,FORGIVEN,344,777.95
Bristol,BSCH,CANCEL,504,2352.80
Bristol,BSCH,CASH,1106,1407.09
Bristol,BSCH,CREDITACCT,10,3.30
Bristol,BSCH,FORGIVEN,342,622.22
Bristol,BSCH,VOUCH,23,23
Bristol,BSCT,CANCEL,459,2225.87
Bristol,BSCT,CASH,2495,2536.39
Bristol,BSCT,CREDITACCT,7,3.80
Bristol,BSCT,FORGIVEN,436,780.28
Bristol,BSCT,VOUCH,19,19
Bristol,BSEA,CANCEL,442,761.35
Bristol,BSEA,CASH,6,4.4
Bristol,BSFP,CANCEL,1197,5504.47
Bristol,BSFP,CASH,4560,4748.45
Bristol,BSFP,CREDITACCT,15,6.25
Bristol,BSFP,FORGIVEN,849,2272.20
Bristol,BSFP,NONE,1,1
Bristol,BSFP,VOUCH,84,87.00
Bristol,BSFW,CANCEL,344,1522.04
Bristol,BSFW,CASH,394,420.89
Bristol,BSFW,CREDITACCT,3,1.05
Bristol,BSFW,FORGIVEN,302,893.31
Bristol,BSHC,CANCEL,186,804.68
Bristol,BSHC,CASH,607,584.69
Bristol,BSHC,CHEQUE,6,32.0
Bristol,BSHC,CREDITACCT,1,0.15
Bristol,BSHC,FORGIVEN,190,523.53
Bristol,BSHC,VOUCH,14,14
Bristol,BSHL,CANCEL,151,676.15
Bristol,BSHL,CASH,184,162.59
Bristol,BSHL,FORGIVEN,74,135.30
Bristol,BSHL,VOUCH,9,9
Bristol,BSHO,CANCEL,561,2607.42
Bristol,BSHO,CASH,1748,1532.61
Bristol,BSHO,CHEQUE,6,32.0
Bristol,BSHO,CREDITACCT,4,1.80
Bristol,BSHO,FORGIVEN,974,1737.65
Bristol,BSHO,NONE,1,1
Bristol,BSHO,VOUCH,51,51
Bristol,BSHY,CANCEL,561,3071.88
Bristol,BSHY,CASH,1670,1704.48
Bristol,BSHY,CREDITACCT,7,2.20
Bristol,BSHY,FORGIVEN,1002,2150.89
Bristol,BSHY,NONE,3,3
Bristol,BSHY,VOUCH,44,45
Bristol,BSHZ,CANCEL,2357,10539.97
Bristol,BSHZ,CASH,11291,10860.30
Bristol,BSHZ,CREDITACCT,53,22.40
Bristol,BSHZ,CREDITCARD,2581,3713.39
Bristol,BSHZ,DEBITCARD,692,1628.79
Bristol,BSHZ,FORGIVEN,1991,4304.92
Bristol,BSHZ,NONE,5,3.6
Bristol,BSHZ,VOUCH,246,249.00
Bristol,BSJ3,CANCEL,1345,6203.57
Bristol,BSJ3,CASH,4012,4538.01
Bristol,BSJ3,CHEQUE,16,35.75
Bristol,BSJ3,CREDITACCT,6,3.70
Bristol,BSJ3,FORGIVEN,804,2612.06
Bristol,BSJ3,VOUCH,29,28
Bristol,BSKN,CANCEL,912,3984.06
Bristol,BSKN,CASH,3931,3942.43
Bristol,BSKN,CREDITACCT,3,1.30
Bristol,BSKN,FORGIVEN,896,2229.92
Bristol,BSKN,VOUCH,109,107.00
Bristol,BSLW,CANCEL,8,35
Bristol,BSLW,CASH,54,17.49
Bristol,BSLW,CREDITACCT,1,0.75
Bristol,BSLW,FORGIVEN,3,18.2
Bristol,BSLZ,CANCEL,42,234
Bristol,BSMA,CANCEL,199,731.66
Bristol,BSMA,CASH,483,453.12
Bristol,BSMA,CREDITACCT,3,2.20
Bristol,BSMA,FORGIVEN,95,162.68
Bristol,BSMA,VOUCH,16,16
Bristol,BSRE,CANCEL,688,4321.19
Bristol,BSRE,CASH,6594,6326.97
Bristol,BSRE,CREDITACCT,22,17.20
Bristol,BSRE,CREDITCARD,1860,2247.72
Bristol,BSRE,DEBITCARD,1,0.15
Bristol,BSRE,FORGIVEN,944,1982.84
Bristol,BSRE,VOUCH,49,47
Bristol,BSSE,CANCEL,674,2754.40
Bristol,BSSE,CASH,1475,1287.90
Bristol,BSSE,CREDITACCT,5,2.05
Bristol,BSSE,DEBITCARD,1,0.15
Bristol,BSSE,FORGIVEN,314,587.44
Bristol,BSSE,VOUCH,43,43
Bristol,BSSG,CANCEL,1026,4402.26
Bristol,BSSG,CASH,3222,3261.89
Bristol,BSSG,CREDITACCT,14,6.25
Bristol,BSSG,DEBITCARD,3,13
Bristol,BSSG,FORGIVEN,678,2135.06
Bristol,BSSG,NONE,1,1
Bristol,BSSG,VOUCH,50,51
Bristol,BSSO,CANCEL,438,1889.05
Bristol,BSSO,CASH,933,865.68
Bristol,BSSO,CREDITACCT,6,1.05
Bristol,BSSO,FORGIVEN,329,503.86
Bristol,BSSO,VOUCH,32,24.90
Bristol,BSSP,CANCEL,335,1651.82
Bristol,BSSP,CASH,576,690.63
Bristol,BSSP,CREDITACCT,4,2.05
Bristol,BSSP,DEBITCARD,1,0.15
Bristol,BSSP,FORGIVEN,95,118.74
Bristol,BSSP,NONE,1,0
Bristol,BSSP,VOUCH,2,2
Bristol,BSSR,CANCEL,200,854.65
Bristol,BSSR,CASH,736,747.77
Bristol,BSSR,CREDITACCT,4,1.65
Bristol,BSSR,FORGIVEN,174,274.86
Bristol,BSSR,VOUCH,10,14
Bristol,BSSW,CANCEL,412,1800.93
Bristol,BSSW,CASH,1468,1328.80
Bristol,BSSW,CREDITACCT,7,3.85
Bristol,BSSW,FORGIVEN,463,840.13
Bristol,BSSW,NONE,1,1
Bristol,BSSW,VOUCH,45,45
Bristol,BSWH,CANCEL,292,1296.42
Bristol,BSWH,CASH,1323,881.92
Bristol,BSWH,CREDITACCT,4,0.60
Bristol,BSWH,DEBITCARD,4,2.25
Bristol,BSWH,FORGIVEN,542,1258.38
Bristol,BSWK,CANCEL,727,2828.73
Bristol,BSWK,CASH,3170,2940.40
Bristol,BSWK,CREDITACCT,5,1.35
Bristol,BSWK,FORGIVEN,650,1675.22
Bristol,BSWK,NONE,5,34.47
Bristol,BSWK,VOUCH,152,166.95
Bristol,BSWY,CANCEL,892,4012.80
Bristol,BSWY,CASH,3993,3869.52
Bristol,BSWY,CREDITACCT,8,5.50
Bristol,BSWY,DEBITCARD,4,5.40
Bristol,BSWY,FORGIVEN,735,1466.79
Bristol,BSWY,NONE,1,1
Bristol,BSWY,VOUCH,125,125
Dorset,DOACQ,CANCEL,16,37.84
Dorset,DOACQ,CASH,19,533.5
Dorset,DOACQ,FORGIVEN,11,11.00
Dorset,DOBEAM,CANCEL,127,393.2
Dorset,DOBEAM,CASH,438,479.05
Dorset,DOBEAM,FORGIVEN,48,76.28
Dorset,DOBLAN,CANCEL,685,2827.34
Dorset,DOBLAN,CASH,3349,5556.28
Dorset,DOBLAN,CHEQUE,4,16.4
Dorset,DOBLAN,FORGIVEN,292,825.83
Dorset,DOBRID,CANCEL,620,2758.19
Dorset,DOBRID,CASH,4681,6951.99
Dorset,DOBRID,CHEQUE,19,22.5
Dorset,DOBRID,FORGIVEN,339,885.90
Dorset,DOBURT,CANCEL,10,19.6
Dorset,DOBURT,CASH,152,145.90
Dorset,DOCHAR,CANCEL,80,313.2
Dorset,DOCHAR,CASH,204,242.8
Dorset,DOCHAR,CHEQUE,2,18
Dorset,DOCHAR,FORGIVEN,2,3.5
Dorset,DOCHIC,CANCEL,52,164.8
Dorset,DOCHIC,CASH,185,193.49
Dorset,DOCHIC,FORGIVEN,1,0.2
Dorset,DOCHRI,CANCEL,1257,5933.68
Dorset,DOCHRI,CASH,7538,11437.15
Dorset,DOCHRI,CHEQUE,15,17.8
Dorset,DOCHRI,DEBITCARD,1,0.2
Dorset,DOCHRI,FORGIVEN,500,1275.40
Dorset,DOCHRI,NONE,2,2
Dorset,DOCHRI,VOUCH,2,5.6
Dorset,DOCMUL,CANCEL,335,1348.19
Dorset,DOCMUL,CASH,1278,2016.86
Dorset,DOCMUL,FORGIVEN,158,445.28
Dorset,DOCOLE,CANCEL,226,932.79
Dorset,DOCOLE,CASH,535,467.86
Dorset,DOCOLE,FORGIVEN,20,50.8
Dorset,DOCORF,CANCEL,24,70.95
Dorset,DOCORF,CASH,134,72.45
Dorset,DOCORF,CHEQUE,5,5
Dorset,DOCORF,FORGIVEN,2,0.8
Dorset,DOCROS,CANCEL,129,626.21
Dorset,DOCROS,CASH,322,339.64
Dorset,DOCROS,FORGIVEN,76,192.09
Dorset,DOCROS,VOUCH,19,37.6
Dorset,DODORC,CANCEL,1735,7831.62
Dorset,DODORC,CASH,8989,14977.13
Dorset,DODORC,CHEQUE,50,155.8
Dorset,DODORC,DEBITCARD,1,4
Dorset,DODORC,FORGIVEN,670,1840.08
Dorset,DODORMOB,CANCEL,55,364
Dorset,DODORMOB,CASH,10,7.6
Dorset,DODORMOB,NONE,35,63.0
Dorset,DOFERN,CANCEL,338,1342.86
Dorset,DOFERN,CASH,4755,6767.73
Dorset,DOFERN,FORGIVEN,640,2076.23
Dorset,DOGILL,CANCEL,649,2620.29
Dorset,DOGILL,CASH,3164,5127.18
Dorset,DOGILL,FORGIVEN,159,396.19
Dorset,DOGILL,NONE,2,9.7
Dorset,DOHIGH,CANCEL,325,1293.57
Dorset,DOHIGH,CASH,1854,2451.02
Dorset,DOHIGH,FORGIVEN,100,141.3
Dorset,DOHIGH,NONE,5,11.0
Dorset,DOHLSMOB,CANCEL,40,159
Dorset,DOHQ,CANCEL,211,970.84
Dorset,DOHQ,CASH,56,182.55
Dorset,DOHQ,CHEQUE,8,68
Dorset,DOHQ,FORGIVEN,259,921.86
Dorset,DOLITT,CANCEL,158,697
Dorset,DOLITT,CASH,839,910.31
Dorset,DOLITT,CHEQUE,9,9.4
Dorset,DOLITT,FORGIVEN,291,641.81
Dorset,DOLITT,NONE,4,4
Dorset,DOLYME,CANCEL,111,472.93
Dorset,DOLYME,CASH,709,998.27
Dorset,DOLYME,FORGIVEN,46,135.11
Dorset,DOLYTC,CANCEL,283,1103.86
Dorset,DOLYTC,CASH,1670,2718.01
Dorset,DOLYTC,FORGIVEN,52,101.3
Dorset,DOPORT,CANCEL,135,461.5
Dorset,DOPORT,CASH,678,862.98
Dorset,DOPORT,FORGIVEN,86,276.64
Dorset,DOPUDD,CANCEL,59,225.2
Dorset,DOPUDD,CASH,87,67.7
Dorset,DOPUDD,DEBITCARD,3,18
Dorset,DOPUDD,FORGIVEN,10,8.0
Dorset,DORESMOB,CASH,7,17.5
Dorset,DORESMOB,FORGIVEN,7,15.4
Dorset,DOSHAF,CANCEL,476,2095.57
Dorset,DOSHAF,CASH,2092,3409.10
Dorset,DOSHAF,FORGIVEN,64,147.63
Dorset,DOSHAF,NONE,2,3.3
Dorset,DOSHER,CANCEL,292,1176.39
Dorset,DOSHER,CASH,4053,6133.46
Dorset,DOSHER,CREDITACCT,1,0.6
Dorset,DOSHER,FORGIVEN,165,426.25
Dorset,DOSLS,CASH,1,3
Dorset,DOSTALL,CANCEL,173,586.53
Dorset,DOSTALL,CASH,450,520.11
Dorset,DOSTALL,FORGIVEN,3,14.78
Dorset,DOSTUMOB,CANCEL,86,383.6
Dorset,DOSTUMOB,CASH,16,12.2
Dorset,DOSTUR,CANCEL,331,1406.56
Dorset,DOSTUR,CASH,1272,1729.73
Dorset,DOSTUR,FORGIVEN,32,42.59
Dorset,DOSWAN,CANCEL,233,936.7
Dorset,DOSWAN,CASH,2334,3519.12
Dorset,DOSWAN,CHEQUE,2,8.99
Dorset,DOSWAN,FORGIVEN,233,692.33
Dorset,DOUPTO,CANCEL,223,862.47
Dorset,DOUPTO,CASH,781,1034.36
Dorset,DOUPTO,FORGIVEN,11,52.19
Dorset,DOVERW,CANCEL,1138,3174.13
Dorset,DOVERW,CASH,2661,4234.87
Dorset,DOVERW,FORGIVEN,24,53.29
Dorset,DOWARE,CANCEL,350,1564.02
Dorset,DOWARE,CASH,2068,2981.38
Dorset,DOWARE,FORGIVEN,243,526.99
Dorset,DOWARE,NONE,1,1
Dorset,DOWEST,CANCEL,85,404.8
Dorset,DOWEST,CASH,979,1073.93
Dorset,DOWEST,FORGIVEN,58,113.00
Dorset,DOWEYM,CANCEL,713,3240.10
Dorset,DOWEYM,CASH,5199,7816.07
Dorset,DOWEYM,CHEQUE,10,34.5
Dorset,DOWEYM,FORGIVEN,580,1950.23
Dorset,DOWIMB,CANCEL,598,2651.12
Dorset,DOWIMB,CASH,4698,8126.84
Dorset,DOWIMB,CHEQUE,3,12.1
Dorset,DOWIMB,FORGIVEN,257,800.50
Dorset,DOWMOMOB,CANCEL,31,169
Dorset,DOWMOMOB,CASH,1,0
Dorset,DOWMOMOB,FORGIVEN,23,24.0
Dorset,DOWOOL,CANCEL,132,497.56
Dorset,DOWOOL,CASH,239,203.75
Dorset,DOWYKE,CANCEL,104,468.99
Dorset,DOWYKE,CASH,676,739.89
Dorset,DOWYKE,FORGIVEN,153,356.19
North Somerset,NSCV,AUTOREFUND,4,7
North Somerset,NSCV,CANCEL,1608,5211.09
North Somerset,NSCV,CASH,10846,10205.98
North Somerset,NSCV,CHEQUE,17,233.78
North Somerset,NSCV,CREDITACCT,15,9.4
North Somerset,NSCV,DEBITCARD,6,3.4
North Somerset,NSCV,FORGIVEN,749,1203.75
North Somerset,NSCV,NONE,1,1
North Somerset,NSCV,VOUCH,19,19
North Somerset,NSCX,CANCEL,40,149.91
North Somerset,NSCX,CASH,1351,1032.79
North Somerset,NSCX,CREDITACCT,4,3.8
North Somerset,NSCX,DEBITCARD,1,1
North Somerset,NSCX,FORGIVEN,143,141.79
North Somerset,NSCX,NONE,2,0
North Somerset,NSCY,CANCEL,142,416.5
North Somerset,NSCY,CASH,4801,4189.04
North Somerset,NSCY,CHEQUE,1,60
North Somerset,NSCY,CREDITACCT,7,5.1
North Somerset,NSCY,FORGIVEN,461,693.21
North Somerset,NSDS,CANCEL,1,7
North Somerset,NSHLC,CANCEL,160,658.94
North Somerset,NSHLC,CASH,1406,1592.18
North Somerset,NSHLC,CREDITACCT,1,3.8
North Somerset,NSHLC,FORGIVEN,434,874.43
North Somerset,NSNA,CANCEL,856,2095.16
North Somerset,NSNA,CASH,12205,11836.85
North Somerset,NSNA,CHEQUE,2,160
North Somerset,NSNA,CREDITACCT,21,7.75
North Somerset,NSNA,DEBITCARD,5,15.1
North Somerset,NSNA,FORGIVEN,1555,2124.07
North Somerset,NSNA,VOUCH,22,18.0
North Somerset,NSNL,CANCEL,373,918.98
North Somerset,NSNL,CASH,3661,3003.46
North Somerset,NSNL,CREDITACCT,6,3.1
North Somerset,NSNL,FORGIVEN,257,278.60
North Somerset,NSNL,VOUCH,4,5
North Somerset,NSNM,CANCEL,304,915.47
North Somerset,NSNM,CASH,1368,888.15
North Somerset,NSNM,CREDITACCT,45,22.5
North Somerset,NSNM,FORGIVEN,46,37.6
North Somerset,NSPL,CANCEL,51,116.9
North Somerset,NSPL,CASH,643,455.15
North Somerset,NSPL,CREDITACCT,1,1.6
North Somerset,NSPL,FORGIVEN,79,71.5
North Somerset,NSPL,NONE,1,6
North Somerset,NSPO,AUTOREFUND,8,22
North Somerset,NSPO,CANCEL,1308,4915.04
North Somerset,NSPO,CASH,12530,11881.73
North Somerset,NSPO,CREDITACCT,18,6.0
North Somerset,NSPO,DEBITCARD,2,1.9
North Somerset,NSPO,FORGIVEN,830,1376.28
North Somerset,NSPO,VOUCH,14,21
North Somerset,NSSTLI,CANCEL,16,66.04
North Somerset,NSSTLI,FORGIVEN,2,2.5
North Somerset,NSTZ,CANCEL,29,187.95
North Somerset,NSTZ,CASH,3,34.31
North Somerset,NSTZ,FORGIVEN,18,107.34
North Somerset,NSWL,AUTOREFUND,2,4
North Somerset,NSWL,CANCEL,223,1023.97
North Somerset,NSWL,CASH,5650,4586.39
North Somerset,NSWL,CHEQUE,1,0.5
North Somerset,NSWL,CREDITACCT,6,2.8
North Somerset,NSWL,CREDITCARD,48,36.5
North Somerset,NSWL,DEBITCARD,590,1059.52
North Somerset,NSWL,FORGIVEN,884,1667.01
North Somerset,NSWL,NONE,3,4.5
North Somerset,NSWN,CANCEL,188,469.3
North Somerset,NSWN,CASH,3006,2548.55
North Somerset,NSWN,CREDITACCT,8,1.3
North Somerset,NSWN,FORGIVEN,148,211.99
North Somerset,NSWN,VOUCH,2,2
North Somerset,NSWO,CANCEL,707,1553.47
North Somerset,NSWO,CASH,5524,4832.81
North Somerset,NSWO,CREDITACCT,4,2.7
North Somerset,NSWO,FORGIVEN,344,577.70
North Somerset,NSWS,CANCEL,3110,14046.69
North Somerset,NSWS,CASH,11882,11941.82
North Somerset,NSWS,CHEQUE,65,683.0
North Somerset,NSWS,CREDITACCT,19,6.5
North Somerset,NSWS,FORGIVEN,1583,3732.73
North Somerset,NSWS,NONE,4,10.2
North Somerset,NSWS,VOUCH,3,3
Poole,POACQ,CANCEL,4,16
Poole,POACQ,CASH,156,276.45
Poole,POACQ,FORGIVEN,183,525.25
Poole,POACQ,NONE,7,7.6
Poole,POBRAN,CANCEL,252,605.80
Poole,POBRAN,CASH,2610,2915.89
Poole,POBRAN,FORGIVEN,480,1176.20
Poole,POBRAN,VOUCH,6,9.0
Poole,POBROA,CANCEL,610,1211.40
Poole,POBROA,CASH,8343,10228.64
Poole,POBROA,FORGIVEN,841,1777.90
Poole,POBROA,NONE,2,1.6
Poole,POBROA,VOUCH,73,133.8
Poole,POCACL,CANCEL,196,598.7
Poole,POCACL,CASH,3528,4020.50
Poole,POCACL,FORGIVEN,384,809.20
Poole,POCACL,VOUCH,4,23.0
Poole,POCAHE,CANCEL,207,303.2
Poole,POCAHE,CASH,1420,1677.40
Poole,POCAHE,FORGIVEN,146,276.05
Poole,POCAHE,VOUCH,6,10.0
Poole,POCREE,CANCEL,158,585.25
Poole,POCREE,CASH,1253,1341.20
Poole,POCREE,FORGIVEN,329,636.85
Poole,POCUST,CANCEL,6,2.2
Poole,POCUST,CASH,17,9.2
Poole,POCUST,FORGIVEN,19,6.0
Poole,POHAMW,CANCEL,336,944.70
Poole,POHAMW,CASH,1752,2185.60
Poole,POHAMW,CREDITCARD,8,45.1
Poole,POHAMW,DEBITCARD,84,226.3
Poole,POHAMW,FORGIVEN,258,605.20
Poole,POHAMW,NONE,1,1.5
Poole,POHAMW,VOUCH,1,1.5
Poole,POOAKD,CANCEL,139,310.35
Poole,POOAKD,CASH,1390,1533.70
Poole,POOAKD,FORGIVEN,258,559.80
Poole,POOAKD,NONE,1,2.5
Poole,POPARK,CANCEL,369,871.60
Poole,POPARK,CASH,2517,2829.15
Poole,POPARK,CHEQUE,12,18.0
Poole,POPARK,FORGIVEN,338,479.00
Poole,POPOOL,CANCEL,472,1173.98
Poole,POPOOL,CASH,12847,17923.61
Poole,POPOOL,CREDITCARD,21,37.4
Poole,POPOOL,DEBITCARD,99,214.65
Poole,POPOOL,FORGIVEN,878,2125.90
Poole,POPOOL,NONE,7,20.3
Poole,POPOOL,VOUCH,67,85.7
Poole,POROSS,CANCEL,297,692.50
Poole,POROSS,CASH,2265,3580.10
Poole,POROSS,DEBITCARD,28,69.2
Poole,POROSS,FORGIVEN,539,1576.75
Poole,POROSS,NONE,8,20.6
Poole,POROSS,VOUCH,3,4.5
Somerset,SOBHM,CANCEL,730,1732.15
Somerset,SOBHM,CASH,7416,9654.44
Somerset,SOBHM,CHEQUE,6,16.2
Somerset,SOBHM,CREDITACCT,5,6.3
Somerset,SOBHM,CREDITCARD,11,15.8
Somerset,SOBHM,FORGIVEN,409,627.59
Somerset,SOBHM,NONE,3,6.75
Somerset,SOBHM,VOUCH,1,3
Somerset,SOBLD,CANCEL,89,221.95
Somerset,SOBLD,CASH,574,612.05
Somerset,SOBLD,CREDITCARD,11,11.4
Somerset,SOBLD,DEBITCARD,16,21.1
Somerset,SOBLD,FORGIVEN,15,28.4
Somerset,SOBRN,CANCEL,63,141.80
Somerset,SOBRN,CASH,1089,923.15
Somerset,SOBRN,CREDITACCT,4,2.6
Somerset,SOBRN,CREDITCARD,6,5.6
Somerset,SOBRN,DEBITCARD,46,69.40
Somerset,SOBRN,FORGIVEN,103,183.40
Somerset,SOBRN,NONE,3,3
Somerset,SOBRW,CANCEL,1059,2609.00
Somerset,SOBRW,CASH,9119,10545.13
Somerset,SOBRW,CHEQUE,17,33.4
Somerset,SOBRW,CREDITACCT,14,10.00
Somerset,SOBRW,CREDITCARD,121,68.50
Somerset,SOBRW,DEBITCARD,156,304.59
Somerset,SOBRW,FORGIVEN,742,1173.36
Somerset,SOBRW,NONE,3,1.2
Somerset,SOCCY,CANCEL,11,67.2
Somerset,SOCCY,CASH,1612,1697.39
Somerset,SOCCY,CREDITACCT,1,1
Somerset,SOCCY,CREDITCARD,1,10
Somerset,SOCCY,DEBITCARD,13,26.6
Somerset,SOCCY,FORGIVEN,179,371.20
Somerset,SOCCY,VOUCH,1,2
Somerset,SOCHA,CANCEL,589,1561.27
Somerset,SOCHA,CASH,4296,4725.67
Somerset,SOCHA,CHEQUE,1,16
Somerset,SOCHA,CREDITACCT,10,1.80
Somerset,SOCHA,CREDITCARD,59,72.19
Somerset,SOCHA,DEBITCARD,406,509.65
Somerset,SOCHA,FORGIVEN,280,377.70
Somerset,SOCHA,VOUCH,3,4.2
Somerset,SOCHE,CANCEL,190,438.50
Somerset,SOCHE,CASH,3304,3966.53
Somerset,SOCHE,CHEQUE,14,13.85
Somerset,SOCHE,DEBITCARD,42,72.9
Somerset,SOCHE,FORGIVEN,192,247.63
Somerset,SOCHE,VOUCH,81,86.25
Somerset,SOCRS,CANCEL,1,0.6
Somerset,SOCRS,CASH,1,2.2
Somerset,SOCRW,CANCEL,553,1081.44
Somerset,SOCRW,CASH,5302,5493.44
Somerset,SOCRW,CREDITACCT,4,5.4
Somerset,SOCRW,FORGIVEN,370,435.00
Somerset,SOCRW,VOUCH,1,2
Somerset,SODUL,CANCEL,173,575.39
Somerset,SODUL,CASH,1415,1601.00
Somerset,SODUL,CREDITACCT,2,1.6
Somerset,SODUL,CREDITCARD,3,16.5
Somerset,SODUL,DEBITCARD,104,115.1
Somerset,SODUL,FORGIVEN,34,48.65
Somerset,SOFRO,CANCEL,1355,4131.04
Somerset,SOFRO,CASH,17797,21687.01
Somerset,SOFRO,CHEQUE,13,91.1
Somerset,SOFRO,CREDITACCT,21,18.40
Somerset,SOFRO,CREDITCARD,308,621.94
Somerset,SOFRO,DEBITCARD,2970,4744.97
Somerset,SOFRO,FORGIVEN,843,1321.06
Somerset,SOFRO,NONE,20,15.0
Somerset,SOFRO,VOUCH,5,10
Somerset,SOGLA,CANCEL,186,579.99
Somerset,SOGLA,CASH,7274,10360.20
Somerset,SOGLA,CHEQUE,1,4
Somerset,SOGLA,CREDITACCT,12,12.35
Somerset,SOGLA,CREDITCARD,72,156.24
Somerset,SOGLA,DEBITCARD,621,1161.65
Somerset,SOGLA,FORGIVEN,721,1417.11
Somerset,SOGLA,NONE,26,59.2
Somerset,SOGLA,VOUCH,2,4
Somerset,SOHDQ,CANCEL,36,287.15
Somerset,SOHDQ,CASH,41,54.40
Somerset,SOHDQ,CREDITACCT,5,5.40
Somerset,SOHDQ,FORGIVEN,95,100.21
Somerset,SOHDQ,NONE,19,69.3
Somerset,SOHIB,CANCEL,38,66.80
Somerset,SOHIB,CASH,456,445.85
Somerset,SOHIB,CHEQUE,7,7.6
Somerset,SOHIB,DEBITCARD,1,6
Somerset,SOHIB,FORGIVEN,7,4.0
Somerset,SOHIB,NONE,1,2.25
Somerset,SOILM,CANCEL,451,691.90
Somerset,SOILM,CASH,2187,2146.64
Somerset,SOILM,CREDITACCT,1,0.4
Somerset,SOILM,FORGIVEN,287,467.85
Somerset,SOLAN,CANCEL,636,1556.55
Somerset,SOLAN,CASH,5310,6470.40
Somerset,SOLAN,CHEQUE,4,8
Somerset,SOLAN,CREDITACCT,11,8.0
Somerset,SOLAN,DEBITCARD,1,6.4
Somerset,SOLAN,FORGIVEN,456,665.15
Somerset,SOLAN,VOUCH,17,42
Somerset,SOMAR,CANCEL,220,493.33
Somerset,SOMAR,CASH,2955,3213.20
Somerset,SOMAR,CHEQUE,1,10
Somerset,SOMAR,CREDITACCT,12,7.2
Somerset,SOMAR,FORGIVEN,192,301.68
Somerset,SOMIN,CANCEL,247,879.43
Somerset,SOMIN,CASH,6449,7968.29
Somerset,SOMIN,CREDITACCT,2,2.0
Somerset,SOMIN,CREDITCARD,50,117.90
Somerset,SOMIN,DEBITCARD,370,614.27
Somerset,SOMIN,FORGIVEN,307,447.74
Somerset,SOMIN,VOUCH,2,4
Somerset,SOMPT,CANCEL,103,200.75
Somerset,SOMPT,CASH,799,846.55
Somerset,SOMPT,FORGIVEN,105,91.75
Somerset,SONES,CANCEL,96,236.1
Somerset,SONES,CASH,1319,1180.45
Somerset,SONES,FORGIVEN,134,180.05
Somerset,SONPN,CANCEL,118,260.75
Somerset,SONPN,CASH,930,828.29
Somerset,SONPN,CREDITACCT,3,3
Somerset,SONPN,FORGIVEN,67,102.36
Somerset,SOPAL,CANCEL,33,210.00
Somerset,SOPAL,CASH,137,160.20
Somerset,SOPAL,CREDITCARD,17,39.0
Somerset,SOPAL,DEBITCARD,141,291.45
Somerset,SOPAL,FORGIVEN,92,129.65
Somerset,SOPOR,CANCEL,25,149.8
Somerset,SOPOR,CASH,567,826.00
Somerset,SOPOR,CREDITACCT,3,2.2
Somerset,SOPOR,DEBITCARD,8,11.4
Somerset,SOPOR,FORGIVEN,17,27.1
Somerset,SOPRW,CANCEL,246,332.73
Somerset,SOPRW,CASH,1519,1342.20
Somerset,SOPRW,CREDITACCT,1,0.2
Somerset,SOPRW,CREDITCARD,18,27.8
Somerset,SOPRW,DEBITCARD,108,201.47
Somerset,SOPRW,FORGIVEN,148,175.40
Somerset,SOSDI,CANCEL,7,34
Somerset,SOSHM,CANCEL,65,273.09
Somerset,SOSHM,CASH,4379,5077.50
Somerset,SOSHM,CHEQUE,4,24.4
Somerset,SOSHM,CREDITACCT,5,0.60
Somerset,SOSHM,CREDITCARD,4,7.00
Somerset,SOSHM,DEBITCARD,239,429.04
Somerset,SOSHM,FORGIVEN,420,806.39
Somerset,SOSHM,NONE,6,11.0
Somerset,SOSHM,VOUCH,2,4
Somerset,SOSOM,CANCEL,669,1066.88
Somerset,SOSOM,CASH,3352,3923.99
Somerset,SOSOM,CHEQUE,3,23.0
Somerset,SOSOM,CREDITACCT,1,1
Somerset,SOSOM,DEBITCARD,5,11.0
Somerset,SOSOM,FORGIVEN,87,101.35
Somerset,SOSOM,VOUCH,2,4
Somerset,SOSPN,CANCEL,94,241.64
Somerset,SOSPN,CASH,1223,1231.18
Somerset,SOSPN,CREDITACCT,3,3
Somerset,SOSPN,FORGIVEN,36,36.8
Somerset,SOSPN,NONE,8,6.4
Somerset,SOSTR,CANCEL,203,578.30
Somerset,SOSTR,CASH,5537,6942.84
Somerset,SOSTR,CREDITACCT,1,2
Somerset,SOSTR,CREDITCARD,39,30.70
Somerset,SOSTR,DEBITCARD,493,766.04
Somerset,SOSTR,FORGIVEN,364,569.68
Somerset,SOSTR,NONE,2,4
Somerset,SOSUN,CANCEL,27,59.0
Somerset,SOSUN,CASH,349,316.70
Somerset,SOSUN,CREDITACCT,1,1
Somerset,SOSUN,FORGIVEN,88,74.50
Somerset,SOTAM,CANCEL,144,749.02
Somerset,SOTAM,CASH,6,3.8
Somerset,SOTAM,FORGIVEN,150,211.35
Somerset,SOTAU,CANCEL,3416,8628.29
Somerset,SOTAU,CASH,26911,34027.45
Somerset,SOTAU,CHEQUE,4,11
Somerset,SOTAU,CREDITACCT,71,75.05
Somerset,SOTAU,CREDITCARD,800,1431.86
Somerset,SOTAU,DEBITCARD,4534,7213.85
Somerset,SOTAU,FORGIVEN,1135,2025.25
Somerset,SOTAU,NONE,1,2
Somerset,SOTAU,VOUCH,6,11
Somerset,SOWAT,CANCEL,18,40.5
Somerset,SOWAT,CASH,825,899.92
Somerset,SOWAT,CREDITACCT,2,0.4
Somerset,SOWAT,DEBITCARD,20,38.4
Somerset,SOWAT,FORGIVEN,57,161.39
Somerset,SOWCN,CANCEL,24,120.15
Somerset,SOWCN,CASH,4189,4749.65
Somerset,SOWCN,CREDITACCT,2,2
Somerset,SOWCN,CREDITCARD,4,13.6
Somerset,SOWCN,DEBITCARD,38,93.80
Somerset,SOWCN,FORGIVEN,337,565.90
Somerset,SOWIL,CANCEL,117,261.50
Somerset,SOWIL,CASH,3300,3829.11
Somerset,SOWIL,CREDITACCT,7,4.0
Somerset,SOWIL,DEBITCARD,81,122.85
Somerset,SOWIL,FORGIVEN,134,201.35
Somerset,SOWIV,CANCEL,173,497.65
Somerset,SOWIV,CASH,1794,1923.37
Somerset,SOWIV,CHEQUE,2,30.14
Somerset,SOWIV,CREDITACCT,32,27.60
Somerset,SOWIV,DEBITCARD,22,16.2
Somerset,SOWIV,FORGIVEN,208,253.20
Somerset,SOWIV,NONE,1,5.5
Somerset,SOWLM,CANCEL,33,161.5
Somerset,SOWLM,CASH,1,0.5
Somerset,SOWLM,DEBITCARD,12,10.55
Somerset,SOWLN,CANCEL,472,1180.47
Somerset,SOWLN,CASH,7694,9404.92
Somerset,SOWLN,CHEQUE,2,20.79
Somerset,SOWLN,CREDITACCT,10,7.0
Somerset,SOWLN,CREDITCARD,29,48.35
Somerset,SOWLN,DEBITCARD,466,923.55
Somerset,SOWLN,FORGIVEN,522,754.53
Somerset,SOWLN,VOUCH,2,4
Somerset,SOWLS,CANCEL,331,1016.78
Somerset,SOWLS,CASH,11005,14599.99
Somerset,SOWLS,CHEQUE,1,1
Somerset,SOWLS,CREDITACCT,18,18.35
Somerset,SOWLS,CREDITCARD,203,334.40
Somerset,SOWLS,DEBITCARD,1244,2265.38
Somerset,SOWLS,FORGIVEN,437,787.67
Somerset,SOWLS,NONE,3,5
Somerset,SOWLS,VOUCH,1,2
Somerset,SOYEO,CANCEL,1506,4471.55
Somerset,SOYEO,CASH,13987,16775.79
Somerset,SOYEO,CHEQUE,2,14
Somerset,SOYEO,CREDITACCT,22,23.20
Somerset,SOYEO,CREDITCARD,105,185.10
Somerset,SOYEO,DEBITCARD,1090,1776.06
Somerset,SOYEO,FORGIVEN,1408,2373.33
Somerset,SOYEO,NONE,1,5.5
Somerset,SOYEO,VOUCH,3,6
South Gloucestershire,SGBS,CANCEL,2470,8643.94
South Gloucestershire,SGBS,CASH,8992,9902.92
South Gloucestershire,SGBS,CREDITACCT,6,4.0
South Gloucestershire,SGBS,FORGIVEN,877,2177.87
South Gloucestershire,SGBS,NONE,3,2.2
South Gloucestershire,SGBS,VOUCH,297,295.0
South Gloucestershire,SGCC,CANCEL,1,10
South Gloucestershire,SGCH,CANCEL,339,1474.9
South Gloucestershire,SGCH,CASH,2169,2014.03
South Gloucestershire,SGCH,CREDITACCT,1,1.1
South Gloucestershire,SGCH,DEBITCARD,2,0.5
South Gloucestershire,SGCH,FORGIVEN,679,1161.39
South Gloucestershire,SGCH,NONE,4,25.96
South Gloucestershire,SGCH,VOUCH,65,66
South Gloucestershire,SGCS,CANCEL,183,382.7
South Gloucestershire,SGCS,CASH,1190,1062.40
South Gloucestershire,SGCS,DEBITCARD,2,2.8
South Gloucestershire,SGCS,FORGIVEN,202,252.9
South Gloucestershire,SGCS,VOUCH,21,21
South Gloucestershire,SGDO,CANCEL,1772,6815.54
South Gloucestershire,SGDO,CASH,4233,4284.28
South Gloucestershire,SGDO,CREDITACCT,3,1.4
South Gloucestershire,SGDO,DEBITCARD,2,3.9
South Gloucestershire,SGDO,FORGIVEN,1222,2578.69
South Gloucestershire,SGDO,NONE,4,5.3
South Gloucestershire,SGDO,VOUCH,73,75
South Gloucestershire,SGDZ,FORGIVEN,1,0.5
South Gloucestershire,SGEG,CANCEL,1477,4384.44
South Gloucestershire,SGEG,CASH,5574,5879.42
South Gloucestershire,SGEG,CREDITACCT,1,0.5
South Gloucestershire,SGEG,CREDITCARD,8,10.4
South Gloucestershire,SGEG,DEBITCARD,41,58.1
South Gloucestershire,SGEG,FORGIVEN,483,971.45
South Gloucestershire,SGEG,NONE,7,6.2
South Gloucestershire,SGEG,VOUCH,144,147.8
South Gloucestershire,SGEP,CANCEL,280,1569.5
South Gloucestershire,SGEP,CASH,1152,5783.0
South Gloucestershire,SGEP,FORGIVEN,18,51.8
South Gloucestershire,SGFT,CANCEL,991,3356.92
South Gloucestershire,SGFT,CASH,3615,3807.77
South Gloucestershire,SGFT,CREDITACCT,8,2.8
South Gloucestershire,SGFT,FORGIVEN,672,1243.39
South Gloucestershire,SGFT,VOUCH,72,74.7
South Gloucestershire,SGHH,CANCEL,924,3447.09
South Gloucestershire,SGHH,CASH,4753,4666.20
South Gloucestershire,SGHH,CREDITACCT,3,1.8
South Gloucestershire,SGHH,FORGIVEN,1292,2427.30
South Gloucestershire,SGHH,NONE,1,0
South Gloucestershire,SGHH,VOUCH,144,141.85
South Gloucestershire,SGKI,CANCEL,756,3400.14
South Gloucestershire,SGKI,CASH,5027,4890.15
South Gloucestershire,SGKI,CREDITACCT,2,0.7
South Gloucestershire,SGKI,DEBITCARD,1,3
South Gloucestershire,SGKI,FORGIVEN,801,1779.46
South Gloucestershire,SGKI,VOUCH,69,71
South Gloucestershire,SGLP,CANCEL,381,751.85
South Gloucestershire,SGLP,CASH,15,15
South Gloucestershire,SGLP,FORGIVEN,138,136.4
South Gloucestershire,SGPA,CANCEL,383,2399.79
South Gloucestershire,SGPA,CASH,1543,1444.05
South Gloucestershire,SGPA,CREDITACCT,1,0.8
South Gloucestershire,SGPA,DEBITCARD,6,3.5
South Gloucestershire,SGPA,FORGIVEN,955,2287.99
South Gloucestershire,SGPA,NONE,2,1.2
South Gloucestershire,SGPA,VOUCH,21,19.6
South Gloucestershire,SGST,CANCEL,1024,3422.09
South Gloucestershire,SGST,CASH,3782,3903.05
South Gloucestershire,SGST,CREDITACCT,3,1.4
South Gloucestershire,SGST,DEBITCARD,3,2.85
South Gloucestershire,SGST,FORGIVEN,614,927.07
South Gloucestershire,SGST,NONE,1,4
South Gloucestershire,SGST,VOUCH,80,80.1
South Gloucestershire,SGTH,CANCEL,706,2612.35
South Gloucestershire,SGTH,CASH,7023,7184.11
South Gloucestershire,SGTH,CHEQUE,10,402
South Gloucestershire,SGTH,CREDITACCT,11,5.2
South Gloucestershire,SGTH,CREDITCARD,1,1
South Gloucestershire,SGTH,DEBITCARD,3,3.6
South Gloucestershire,SGTH,FORGIVEN,1325,2542.13
South Gloucestershire,SGTH,NONE,51,84.05
South Gloucestershire,SGTH,VOUCH,148,146.1
South Gloucestershire,SGWT,CANCEL,1081,2965.07
South Gloucestershire,SGWT,CASH,2696,2627.15
South Gloucestershire,SGWT,CREDITACCT,1,1.1
South Gloucestershire,SGWT,FORGIVEN,179,280.8
South Gloucestershire,SGWT,VOUCH,67,65.6
South Gloucestershire,SGYA,CANCEL,3197,10676.44
South Gloucestershire,SGYA,CASH,10683,10847.66
South Gloucestershire,SGYA,CREDITACCT,15,10.3
South Gloucestershire,SGYA,DEBITCARD,1,4
South Gloucestershire,SGYA,FORGIVEN,1361,2777.85
South Gloucestershire,SGYA,NONE,9,12.2
South Gloucestershire,SGYA,VOUCH,302,321.8
South Gloucestershire,SGYM,CANCEL,641,3025.60
South Gloucestershire,SGYM,CASH,81,118.6
South Gloucestershire,SGYM,FORGIVEN,118,697.19
South Gloucestershire,SGYM,VOUCH,1,1
South Gloucestershire,SGYZ,CANCEL,1,4
South Gloucestershire,SGYZ,CASH,8,6.1
